# Blender 5.2.1 LTS
# www.blender.org
mtllib metorate.mtl
o Cube
v 0.412177 0.412177 -0.412177
v 0.405815 -0.405815 -0.405814
v 0.429406 0.429406 0.429406
v 0.479698 -0.479698 0.479698
v -0.424513 0.424513 -0.424513
v -0.422625 -0.422625 -0.422625
v -0.477413 0.477413 0.477413
v -0.415909 -0.415909 0.415909
v -0.439626 -0.439626 -0.400869
v -0.454779 -0.454780 -0.358800
v -0.458735 -0.458735 -0.301646
v -0.455463 -0.455464 -0.238548
v -0.459560 -0.459560 -0.179058
v -0.472686 -0.472686 -0.121377
v -0.489216 -0.489216 -0.062121
v -0.490350 -0.490350 0.000000
v -0.468378 -0.468378 0.059429
v -0.438795 -0.438795 0.112828
v -0.416323 -0.416323 0.162955
v -0.416356 -0.416356 0.219205
v -0.423614 -0.423614 0.279888
v -0.426412 -0.426412 0.337597
v -0.422286 -0.422286 0.385647
v 0.388510 -0.425547 -0.425547
v 0.351453 -0.444950 -0.444950
v 0.300074 -0.456199 -0.456198
v 0.244599 -0.467697 -0.467697
v 0.187686 -0.482726 -0.482726
v 0.127311 -0.496208 -0.496208
v 0.064232 -0.505563 -0.505563
v -0.000000 -0.509707 -0.509707
v -0.063521 -0.500060 -0.500061
v -0.122715 -0.477989 -0.477989
v -0.177475 -0.455310 -0.455310
v -0.234090 -0.446450 -0.446450
v -0.295465 -0.448758 -0.448758
v -0.353509 -0.447701 -0.447701
v -0.397326 -0.435591 -0.435591
v 0.398662 0.364907 -0.398662
v 0.387679 0.308645 -0.387679
v 0.386939 0.257167 -0.386939
v 0.388228 0.205292 -0.388227
v 0.398519 0.156324 -0.398519
v 0.430499 0.110736 -0.430499
v 0.468331 0.059423 -0.468331
v 0.483435 -0.000000 -0.483435
v 0.490777 -0.062322 -0.490777
v 0.489475 -0.125612 -0.489475
v 0.479654 -0.186542 -0.479654
v 0.473322 -0.247381 -0.473322
v 0.459826 -0.302322 -0.459826
v 0.438499 -0.346631 -0.438499
v 0.417701 -0.381621 -0.417701
v -0.442552 -0.403438 0.442552
v -0.486271 -0.382339 0.486271
v -0.544077 -0.354516 0.544077
v -0.602227 -0.311139 0.602227
v -0.643053 -0.247399 0.643053
v -0.651059 -0.166373 0.651059
v -0.625756 -0.079759 0.625756
v -0.595645 -0.000000 0.595646
v -0.592415 0.075452 0.592415
v -0.596699 0.152660 0.596699
v -0.587341 0.226650 0.587341
v -0.560474 0.290488 0.560474
v -0.533899 0.348210 0.533899
v -0.513038 0.402346 0.513038
v -0.492706 0.447467 0.492706
v 0.433703 0.395669 0.433703
v 0.443062 0.350042 0.443062
v 0.459697 0.302242 0.459697
v 0.476514 0.248960 0.476514
v 0.502677 0.195117 0.502677
v 0.537743 0.137788 0.537743
v 0.572860 0.072926 0.572860
v 0.598961 -0.000000 0.598961
v 0.624447 -0.079590 0.624447
v 0.628283 -0.160697 0.623787
v 0.649426 -0.233068 0.601273
v 0.605226 -0.312623 0.605226
v 0.556458 -0.362186 0.556458
v 0.514721 -0.403604 0.514720
v 0.489924 -0.445024 0.489924
v -0.434158 0.396069 -0.434158
v -0.450238 0.355405 -0.450238
v -0.473395 0.310728 -0.473395
v -0.506510 0.263796 -0.506510
v -0.548470 0.212172 -0.548470
v -0.570834 0.146135 -0.570834
v -0.558229 0.071036 -0.558229
v -0.516194 -0.000000 -0.516194
v -0.472742 -0.059992 -0.472742
v -0.446836 -0.114856 -0.446836
v -0.435040 -0.169926 -0.435040
v -0.422138 -0.222065 -0.422138
v -0.416076 -0.275218 -0.416076
v -0.418552 -0.331722 -0.418552
v -0.423244 -0.386488 -0.423245
v 0.403580 0.442715 0.442715
v 0.364360 0.462218 0.462218
v 0.317749 0.484728 0.484728
v 0.265874 0.510711 0.510711
v 0.210618 0.544296 0.544296
v 0.143837 0.561721 0.561721
v 0.069677 0.547710 0.547710
v -0.000000 0.515491 0.515491
v -0.061918 0.487645 0.487645
v -0.119866 0.466695 0.466695
v -0.176096 0.451608 0.451608
v -0.239433 0.457253 0.457252
v -0.314128 0.478884 0.478884
v -0.386542 0.491895 0.491895
v -0.442222 0.486732 0.486732
v 0.442722 0.442722 -0.403587
v 0.489827 0.489828 -0.384997
v 0.536305 0.536305 -0.349701
v 0.570586 0.570586 -0.295489
v 0.608394 0.608394 -0.234491
v 0.645768 0.645768 -0.165038
v 0.637311 0.626281 -0.079337
v 0.600313 0.603593 -0.013788
v 0.565375 0.568655 0.064179
v 0.582104 0.582104 0.148978
v 0.554735 0.554735 0.214506
v 0.531654 0.531654 0.276233
v 0.505209 0.505209 0.330436
v 0.475069 0.475069 0.373965
v 0.448623 0.448623 0.408767
v -0.382291 -0.418464 0.418464
v -0.334250 -0.421935 0.421934
v -0.281291 -0.425879 0.425879
v -0.228710 -0.435573 0.435573
v -0.175912 -0.451113 0.451113
v -0.118002 -0.459305 0.459305
v -0.058575 -0.461766 0.461766
v 0.000000 -0.470332 0.470332
v 0.061743 -0.486294 0.486294
v 0.127935 -0.498683 0.498683
v 0.197318 -0.508588 0.508588
v 0.269310 -0.517658 0.517658
v 0.339571 -0.519953 0.519953
v 0.399619 -0.509390 0.509390
v 0.446568 -0.491682 0.491682
v -0.497872 0.497872 0.452002
v -0.529855 0.529855 0.414916
v -0.572914 0.572914 0.372380
v -0.626458 0.626458 0.323124
v -0.674028 0.674028 0.258936
v -0.694002 0.654172 0.166743
v -0.666105 0.626275 0.075912
v -0.606737 0.606737 -0.000000
v -0.575002 0.575002 -0.073203
v -0.540100 0.540100 -0.138383
v -0.502183 0.502183 -0.194933
v -0.471758 0.471758 -0.246607
v -0.460730 0.460730 -0.302882
v -0.455536 0.455536 -0.359366
v -0.441404 0.441403 -0.402429
v -0.393739 0.431504 -0.431504
v -0.349548 0.442401 -0.442401
v -0.303937 0.462434 -0.462434
v -0.254069 0.486843 -0.486843
v -0.192953 0.496866 -0.496867
v -0.124400 0.484670 -0.484670
v -0.062257 0.490269 -0.490269
v 0.000000 0.522153 -0.522153
v 0.069761 0.548357 -0.548357
v 0.138600 0.540962 -0.540962
v 0.205384 0.530243 -0.530243
v 0.273779 0.526692 -0.526692
v 0.335007 0.512586 -0.512586
v 0.374343 0.475574 -0.475574
v 0.398294 0.436693 -0.436693
v 0.509333 -0.509333 0.462064
v 0.561381 -0.561381 0.438480
v 0.618502 -0.618502 0.400623
v 0.655239 -0.655239 0.337360
v 0.664621 -0.664621 0.255432
v 0.661384 -0.661384 0.168977
v 0.608875 -0.622561 0.092508
v 0.592927 -0.606613 0.009935
v 0.612029 -0.612029 -0.077986
v 0.587614 -0.587614 -0.150368
v 0.557902 -0.557902 -0.215685
v 0.518847 -0.518846 -0.269898
v 0.475424 -0.475424 -0.311985
v 0.436822 -0.436822 -0.345378
v 0.413510 -0.413510 -0.377942
v 0.432074 0.498039 -0.432074
v 0.405325 0.550953 -0.466602
v 0.359536 0.593223 -0.496331
v 0.293427 0.610805 -0.508316
v 0.222097 0.621392 -0.515842
v 0.151162 0.639205 -0.529710
v 0.093886 0.636932 -0.517696
v 0.000000 0.613801 -0.509896
v -0.067423 0.571984 -0.476811
v -0.132736 0.558101 -0.465588
v -0.201611 0.560549 -0.467517
v -0.262760 0.542540 -0.453753
v -0.313731 0.512384 -0.431193
v -0.361677 0.487809 -0.415169
v -0.407287 0.468118 -0.407287
v 0.469615 0.554652 -0.407882
v 0.431776 0.610487 -0.431776
v 0.376253 0.651176 -0.450756
v 0.306669 0.672914 -0.460903
v 0.233809 0.691799 -0.471083
v 0.159359 0.713615 -0.484142
v 0.080241 0.722136 -0.489438
v 0.000000 0.690782 -0.470102
v -0.072678 0.651089 -0.445291
v -0.141412 0.628006 -0.430643
v -0.208725 0.611545 -0.420497
v -0.270064 0.585721 -0.405290
v -0.323828 0.553199 -0.387263
v -0.373807 0.523110 -0.373807
v -0.419006 0.492519 -0.364933
v 0.505161 0.604180 -0.365745
v 0.453199 0.654946 -0.378270
v 0.386616 0.687906 -0.386616
v 0.313955 0.711480 -0.393933
v 0.237962 0.729091 -0.400458
v 0.160157 0.743496 -0.406750
v 0.080873 0.755675 -0.412660
v 0.000000 0.746550 -0.408372
v -0.077911 0.725880 -0.398205
v -0.157658 0.688384 -0.357473
v -0.215896 0.654604 -0.363567
v -0.275254 0.614944 -0.345295
v -0.328378 0.575058 -0.328378
v -0.376888 0.537190 -0.315262
v -0.418169 0.496221 -0.304572
v 0.535730 0.645102 -0.308834
v 0.472600 0.691253 -0.314368
v 0.396920 0.717409 -0.316332
v 0.304357 0.723907 -0.313947
v 0.255340 0.729496 -0.323225
v 0.168123 0.730688 -0.321199
v 0.089905 0.747107 -0.327334
v 0.000000 0.782766 -0.333485
v -0.081133 0.775224 -0.330575
v -0.154463 0.728849 -0.313287
v -0.217365 0.670799 -0.291867
v -0.273052 0.618009 -0.273052
v -0.322777 0.570249 -0.257336
v -0.368565 0.528142 -0.245891
v -0.412971 0.491518 -0.239839
v 0.567577 0.686527 -0.244028
v 0.498922 0.735965 -0.247614
v 0.418658 0.765837 -0.248848
v 0.336254 0.787716 -0.250678
v 0.267580 0.732082 -0.259291
v 0.184831 0.639376 -0.251750
v 0.089436 0.674892 -0.199529
v 0.000000 0.783235 -0.246630
v -0.080215 0.773437 -0.243876
v -0.152218 0.722988 -0.230149
v -0.213060 0.659897 -0.213060
v -0.264872 0.599695 -0.197106
v -0.312000 0.550485 -0.185052
v -0.362274 0.519175 -0.179853
v -0.422905 0.504382 -0.182700
v 0.592395 0.718491 -0.169175
v 0.522476 0.714177 -0.162859
v 0.424386 0.788117 -0.189237
v 0.356738 0.845228 -0.176368
v 0.264835 0.851050 -0.175470
v 0.170234 0.825865 -0.170234
v 0.081969 0.795601 -0.164919
v -0.000000 0.785080 -0.163207
v -0.080367 0.777285 -0.161736
v -0.155123 0.740383 -0.155123
v -0.215760 0.669864 -0.142572
v -0.262444 0.592669 -0.128832
v -0.307504 0.540597 -0.120141
v -0.387489 0.480073 -0.119041
v -0.465418 0.497748 -0.128318
v 0.601254 0.729860 -0.085736
v 0.517303 0.767624 -0.098893
v 0.436022 0.812717 -0.103875
v 0.365597 0.870058 -0.090065
v 0.275476 0.891739 -0.090894
v 0.181119 0.888816 -0.090121
v 0.086832 0.851879 -0.086832
v -0.000000 0.816052 -0.083811
v -0.081628 0.791179 -0.081628
v -0.157327 0.751917 -0.078148
v -0.218027 0.676660 -0.071479
v -0.265738 0.599655 -0.064596
v -0.314251 0.552830 -0.060704
v -0.383275 0.514097 -0.067826
v -0.477569 0.535076 -0.065738
v 0.564051 0.675519 -0.018727
v 0.517388 0.741447 0.000217
v 0.443703 0.819591 0.000000
v 0.355584 0.842837 0.000000
v 0.269862 0.870634 0.000000
v 0.180837 0.887121 0.000000
v 0.088260 0.868303 -0.000000
v -0.000000 0.827498 -0.000000
v -0.079894 0.770048 -0.000000
v -0.149688 0.706833 -0.000000
v -0.209552 0.643744 -0.000000
v -0.264942 0.596441 0.000000
v -0.321306 0.566557 -0.000000
v -0.386795 0.556441 -0.000000
v -0.481666 0.577950 -0.000000
v 0.540704 0.645946 0.061924
v 0.496754 0.733910 0.081495
v 0.418380 0.767467 0.082046
v 0.339026 0.798109 0.083288
v 0.258063 0.826549 0.085009
v 0.172784 0.840857 0.085927
v 0.085718 0.838892 0.085718
v -0.000000 0.811408 0.083416
v -0.076692 0.733607 0.076692
v -0.141813 0.662651 0.070341
v -0.207537 0.637388 0.067934
v -0.275556 0.626241 0.067100
v -0.341302 0.608589 0.066248
v -0.414536 0.601595 0.067410
v -0.521168 0.628258 0.073950
v 0.543258 0.656340 0.155055
v 0.468802 0.689068 0.154213
v 0.388847 0.706895 0.152938
v 0.317264 0.739501 0.156468
v 0.240553 0.761399 0.159192
v 0.158673 0.760467 0.158673
v 0.079077 0.762540 0.159173
v -0.000000 0.753456 0.157743
v -0.073201 0.695352 0.147496
v -0.139555 0.652322 0.139555
v -0.214027 0.663463 0.141410
v -0.292264 0.672540 0.143865
v -0.365963 0.660111 0.143711
v -0.448981 0.657350 0.147564
v -0.561563 0.679493 0.160315
v 0.515703 0.621216 0.222038
v 0.441989 0.645641 0.219382
v 0.362594 0.652639 0.215314
v 0.294090 0.676655 0.219034
v 0.222634 0.694490 0.222634
v 0.146728 0.692752 0.221960
v 0.073103 0.694650 0.222832
v -0.000000 0.688001 0.221316
v -0.069686 0.656797 0.212721
v -0.137946 0.644385 0.208859
v -0.215983 0.670460 0.215983
v -0.299282 0.690331 0.222931
v -0.379827 0.687435 0.225622
v -0.471613 0.643407 0.246386
v -0.577866 0.651556 0.260991
v 0.489674 0.587481 0.282949
v 0.420235 0.609153 0.279901
v 0.344438 0.613242 0.274571
v 0.278236 0.631356 0.278236
v 0.212957 0.655327 0.285993
v 0.142204 0.663714 0.288969
v 0.069881 0.655768 0.286460
v 0.000000 0.632507 0.278209
v -0.066809 0.623149 0.274414
v -0.137821 0.640431 0.280276
v -0.220546 0.647420 0.305151
v -0.297535 0.681044 0.297535
v -0.379073 0.681985 0.302130
v -0.461718 0.674192 0.307205
v -0.551969 0.617524 0.330011
v 0.464370 0.553558 0.337061
v 0.402037 0.575998 0.336027
v 0.332290 0.582639 0.332290
v 0.269693 0.601074 0.338307
v 0.210924 0.637821 0.355255
v 0.143677 0.659936 0.365878
v 0.069753 0.643843 0.358405
v 0.000000 0.602533 0.338708
v -0.065297 0.599026 0.336663
v -0.137708 0.629671 0.351074
v -0.214202 0.648885 0.360735
v -0.313533 0.629005 0.339642
v -0.390200 0.626536 0.342484
v -0.439971 0.634533 0.367348
v -0.507528 0.607118 0.367410
v 0.438751 0.516760 0.381689
v 0.383965 0.538420 0.383965
v 0.320332 0.546664 0.383028
v 0.261234 0.564688 0.391875
v 0.207873 0.608820 0.418780
v 0.143786 0.639333 0.437722
v 0.069738 0.623469 0.428128
v 0.000000 0.576046 0.398952
v -0.063517 0.565027 0.391813
v -0.133138 0.588543 0.405982
v -0.205325 0.600668 0.413641
v -0.276798 0.601762 0.415522
v -0.349880 0.601887 0.418814
v -0.416937 0.588121 0.416937
v -0.473708 0.559678 0.411356
v 0.418486 0.481637 0.418487
v 0.371257 0.501668 0.426458
v 0.313092 0.511256 0.430284
v 0.257614 0.531085 0.444597
v 0.205941 0.573407 0.477730
v 0.142610 0.601561 0.499948
v 0.069491 0.589814 0.490865
v 0.000000 0.548587 0.458547
v -0.061757 0.523143 0.438313
v -0.124215 0.520592 0.435933
v -0.187989 0.520090 0.435382
v -0.283759 0.535099 0.390591
v -0.331655 0.544017 0.456682
v -0.399843 0.543023 0.460142
v -0.453190 0.523528 0.453190
v 0.446092 -0.446092 0.514960
v 0.461672 -0.401141 0.544900
v 0.491656 -0.356249 0.587421
v 0.531670 -0.306552 0.640022
v 0.566079 -0.243393 0.684642
v 0.583154 -0.166519 0.706803
v 0.584865 -0.083324 0.709067
v 0.566426 0.000000 0.685597
v 0.535791 0.076102 0.646809
v 0.494811 0.141134 0.595063
v 0.456921 0.197120 0.547209
v 0.427116 0.247789 0.509215
v 0.405673 0.295785 0.480713
v 0.393825 0.343564 0.461605
v 0.394930 0.394930 0.453202
v 0.401871 -0.462532 0.545956
v 0.412405 -0.412405 0.581289
v 0.428654 -0.358004 0.617070
v 0.452458 -0.301111 0.659674
v 0.477659 -0.237070 0.702231
v 0.500423 -0.164821 0.739668
v 0.518647 -0.085245 0.769142
v 0.517724 0.000000 0.767577
v 0.494374 0.081087 0.730080
v 0.451862 0.148530 0.661960
v 0.410458 0.203746 0.595618
v 0.378798 0.252626 0.544185
v 0.356588 0.298501 0.505864
v 0.348824 0.348824 0.485452
v 0.355142 0.407468 0.478354
v 0.344653 -0.475166 0.566956
v 0.349925 -0.418870 0.601972
v 0.356353 -0.356353 0.629265
v 0.373165 -0.297430 0.670260
v 0.396567 -0.235635 0.721234
v 0.417866 -0.164639 0.766222
v 0.438728 -0.086216 0.809408
v 0.423954 -0.040355 0.794035
v 0.408736 0.039982 0.763116
v 0.368813 0.137290 0.696208
v 0.368549 0.218876 0.664663
v 0.341133 0.271942 0.606682
v 0.318443 0.318443 0.555807
v 0.309566 0.369989 0.526544
v 0.314586 0.432409 0.513893
v 0.273850 -0.473484 0.567226
v 0.275649 -0.413776 0.599025
v 0.278425 -0.349280 0.622853
v 0.295008 -0.295008 0.674539
v 0.321533 -0.239630 0.748942
v 0.341437 -0.168654 0.804244
v 0.356689 -0.087793 0.845939
v 0.364231 -0.000000 0.866344
v 0.331905 0.042738 0.811817
v 0.312174 0.129235 0.738015
v 0.318813 0.220108 0.700055
v 0.298057 0.298057 0.682387
v 0.276045 0.346290 0.616917
v 0.265209 0.397914 0.574157
v 0.267538 0.462253 0.553175
v 0.200778 -0.465552 0.558075
v 0.202035 -0.407008 0.590144
v 0.204539 -0.344580 0.616267
v 0.217454 -0.291984 0.671108
v 0.238830 -0.238830 0.753011
v 0.253723 -0.168021 0.810023
v 0.265264 -0.087442 0.853505
v 0.273172 -0.000000 0.883085
v 0.272403 0.089855 0.880235
v 0.260638 0.172657 0.835555
v 0.245909 0.245909 0.778593
v 0.232368 0.311856 0.723453
v 0.215511 0.362924 0.653305
v 0.207346 0.417717 0.607134
v 0.210740 0.489051 0.587661
v 0.130456 -0.457653 0.548065
v 0.132254 -0.403346 0.584325
v 0.134242 -0.342478 0.612097
v 0.141916 -0.288398 0.662185
v 0.153386 -0.231891 0.729419
v 0.160205 -0.160205 0.769133
v 0.166707 -0.082868 0.805888
v 0.175038 -0.000000 0.853556
v 0.178417 0.088762 0.873268
v 0.172989 0.172989 0.841449
v 0.161664 0.244240 0.775013
v 0.151283 0.306978 0.711950
v 0.133263 0.333420 0.622641
v 0.134016 0.415655 0.580884
v 0.141507 0.496111 0.596707
v 0.062970 -0.446555 0.533600
v 0.064551 -0.397850 0.574742
v 0.065690 -0.338582 0.602981
v 0.069211 -0.283833 0.648655
v 0.073259 -0.223296 0.696387
v 0.074670 -0.150415 0.712149
v 0.076508 -0.076508 0.731454
v 0.081214 0.000000 0.785552
v 0.084291 0.084291 0.822245
v 0.082635 0.166244 0.803224
v 0.076169 0.231904 0.728614
v 0.070130 0.287438 0.658416
v 0.065161 0.335998 0.597654
v 0.065828 0.410035 0.560236
v 0.067793 0.479326 0.575176
v 0.000000 -0.429610 0.511837
v 0.000000 -0.380994 0.547085
v 0.000000 -0.325030 0.574254
v 0.000000 -0.276225 0.627113
v 0.000000 -0.218145 0.676073
v 0.000000 -0.145373 0.681858
v 0.000000 -0.072443 0.682539
v 0.000000 0.000000 0.721179
v 0.000000 0.078752 0.756636
v 0.000000 0.157195 0.750285
v 0.000000 0.221071 0.687078
v -0.000000 0.273615 0.620017
v 0.000000 0.321185 0.566307
v 0.000000 0.382100 0.548869
v 0.000000 0.458264 0.548229
v -0.059427 -0.422474 0.503050
v -0.059748 -0.369812 0.529620
v -0.060601 -0.313750 0.551796
v -0.065072 -0.267606 0.604714
v -0.070176 -0.214170 0.662223
v -0.070983 -0.143088 0.669988
v -0.070056 -0.070056 0.656197
v -0.071085 0.000000 0.666591
v -0.073122 0.073122 0.691966
v -0.074784 0.150642 0.713454
v -0.072126 0.219943 0.683836
v -0.066855 0.274597 0.623646
v -0.057164 0.316987 0.551629
v -0.062365 0.385086 0.554201
v -0.062966 0.446525 0.533562
v -0.121138 -0.425226 0.507050
v -0.121639 -0.371704 0.533691
v -0.121560 -0.311023 0.547791
v -0.127089 -0.258987 0.583409
v -0.137131 -0.207644 0.639898
v -0.140386 -0.140386 0.657021
v -0.138388 -0.068617 0.642942
v -0.137601 0.000000 0.636877
v -0.140613 0.069737 0.655746
v -0.144611 0.146729 0.673346
v -0.140985 0.204905 0.654812
v -0.136815 0.278280 0.635085
v -0.128983 0.329435 0.585432
v -0.125532 0.383310 0.552263
v -0.122725 0.430749 0.514035
v -0.183615 -0.425065 0.507100
v -0.187216 -0.377123 0.542732
v -0.186411 -0.314272 0.555073
v -0.190484 -0.256048 0.576451
v -0.203442 -0.203442 0.625143
v -0.209562 -0.138417 0.646982
v -0.207282 -0.067848 0.636435
v -0.205154 0.000000 0.627197
v -0.209737 0.068677 0.645625
v -0.220207 0.145553 0.686283
v -0.219093 0.219094 0.681698
v -0.204874 0.275223 0.626959
v -0.191682 0.323086 0.572868
v -0.183555 0.369741 0.531020
v -0.177793 0.411331 0.489809
v -0.239562 -0.412478 0.490901
v -0.247706 -0.371323 0.532464
v -0.251819 -0.315844 0.556489
v -0.260320 -0.260320 0.585229
v -0.277243 -0.206391 0.632281
v -0.289043 -0.142241 0.663913
v -0.290640 -0.070947 0.667086
v -0.285196 -0.000000 0.651500
v -0.285712 0.069690 0.653742
v -0.294711 0.145099 0.679095
v -0.291869 0.217367 0.670806
v -0.272850 0.272850 0.617489
v -0.254219 0.318860 0.562474
v -0.242692 0.363705 0.520521
v -0.236890 0.407724 0.484953
v -0.294946 -0.404480 0.479233
v -0.308827 -0.369094 0.525163
v -0.322423 -0.322423 0.563519
v -0.338404 -0.269770 0.601265
v -0.357246 -0.212115 0.641840
v -0.374835 -0.147289 0.678248
v -0.383590 -0.074915 0.695754
v -0.374158 -0.000000 0.675820
v -0.364564 0.071016 0.656537
v -0.367979 0.144524 0.664233
v -0.364136 0.216236 0.655752
v -0.344011 0.274231 0.612393
v -0.323308 0.323308 0.565234
v -0.312686 0.373768 0.532376
v -0.308934 0.424371 0.503917
v -0.350981 -0.402566 0.472335
v -0.371879 -0.371879 0.520203
v -0.396681 -0.331604 0.567732
v -0.420349 -0.279976 0.609331
v -0.439863 -0.218327 0.642268
v -0.458548 -0.150773 0.672659
v -0.467350 -0.076458 0.686590
v -0.452784 -0.000000 0.662854
v -0.454295 0.039315 0.590296
v -0.455483 0.111905 0.592634
v -0.435153 0.215992 0.634797
v -0.415878 0.277033 0.602322
v -0.394377 0.329703 0.564178
v -0.385772 0.385772 0.541145
v -0.382711 0.439954 0.518238
v -0.401488 -0.401488 0.461118
v -0.431175 -0.375260 0.507459
v -0.469133 -0.340410 0.559469
v -0.505557 -0.291876 0.607352
v -0.532790 -0.229281 0.642730
v -0.548418 -0.156538 0.662868
v -0.543043 -0.077169 0.656010
v -0.518809 -0.000000 0.625123
v -0.514066 0.052733 0.587945
v -0.519072 0.126671 0.594481
v -0.508402 0.218943 0.612024
v -0.486924 0.281404 0.584041
v -0.462325 0.335623 0.551019
v -0.450148 0.391362 0.530753
v -0.442841 0.442841 0.511036
v -0.471418 -0.410021 0.410021
v -0.531131 -0.391623 0.450456
v -0.606408 -0.367007 0.506956
v -0.679657 -0.324357 0.563350
v -0.725798 -0.257250 0.598768
v -0.728253 -0.171393 0.600113
v -0.701278 -0.082420 0.578725
v -0.690513 0.000000 0.570297
v -0.708114 0.083213 0.584113
v -0.706533 0.166458 0.582941
v -0.678490 0.241321 0.561193
v -0.639551 0.306340 0.531293
v -0.611351 0.369808 0.510939
v -0.580012 0.425412 0.490271
v -0.540288 0.467074 0.467074
v -0.486933 -0.414456 0.361071
v -0.562710 -0.400080 0.400080
v -0.648343 -0.374737 0.448920
v -0.720711 -0.326735 0.491388
v -0.759205 -0.254878 0.513570
v -0.764841 -0.170099 0.516154
v -0.760983 -0.084377 0.513576
v -0.791077 0.000000 0.532297
v -0.832074 0.091944 0.557751
v -0.828045 0.183349 0.555652
v -0.788396 0.264002 0.531970
v -0.742905 0.336052 0.505544
v -0.708302 0.406819 0.487776
v -0.657229 0.462786 0.462786
v -0.592499 0.500442 0.434044
v -0.482148 -0.406829 0.296599
v -0.566565 -0.395924 0.330980
v -0.654933 -0.369599 0.369599
v -0.719174 -0.317039 0.397809
v -0.753894 -0.245310 0.412743
v -0.785488 -0.168439 0.427290
v -0.821663 -0.087435 0.444673
v -0.879231 -0.000000 0.472551
v -0.924532 0.097663 0.494579
v -0.925166 0.195986 0.495612
v -0.900662 0.288788 0.485432
v -0.868537 0.376918 0.473062
v -0.814113 0.422486 0.400536
v -0.733385 0.475411 0.369121
v -0.649332 0.541543 0.391329
v -0.464534 -0.391403 0.227717
v -0.551197 -0.383270 0.255570
v -0.643456 -0.359661 0.286684
v -0.704403 -0.306607 0.306607
v -0.744400 -0.238336 0.319809
v -0.808160 -0.169391 0.342899
v -0.881300 -0.091124 0.369748
v -0.940677 -0.000000 0.391576
v -0.967263 0.099221 0.401494
v -0.965639 0.199032 0.401695
v -0.962314 0.300424 0.402539
v -0.860426 0.363694 0.302779
v -0.867021 0.448907 0.288223
v -0.759227 0.498267 0.295984
v -0.704368 0.583100 0.335458
v -0.456200 -0.384636 0.166477
v -0.541904 -0.376602 0.186957
v -0.639199 -0.355938 0.211332
v -0.704308 -0.304588 0.226913
v -0.756220 -0.239717 0.239717
v -0.836941 -0.172908 0.261014
v -0.925110 -0.093906 0.284390
v -0.971053 -0.000000 0.296555
v -0.975074 0.098416 0.297736
v -0.958938 0.195059 0.294057
v -0.960610 0.296283 0.296283
v -0.957596 0.386125 0.264563
v -0.910356 0.448648 0.248339
v -0.829219 0.557702 0.276762
v -0.751711 0.619350 0.265975
v -0.478838 -0.402921 0.114728
v -0.566733 -0.392352 0.128566
v -0.662138 -0.366955 0.144111
v -0.723010 -0.311107 0.153364
v -0.769106 -0.242640 0.160591
v -0.842706 -0.173212 0.173211
v -0.924067 -0.093204 0.187246
v -0.967789 -0.000000 0.194774
v -0.975449 0.097698 0.196176
v -0.953670 0.192828 0.192828
v -0.943951 0.289998 0.192338
v -0.934517 0.390075 0.193174
v -0.900259 0.483429 0.191074
v -0.845911 0.566816 0.187095
v -0.787255 0.609317 0.174621
v -0.504536 -0.423646 0.059599
v -0.588274 -0.406259 0.065992
v -0.677197 -0.374587 0.073070
v -0.726150 -0.312452 0.076510
v -0.754775 -0.238892 0.078530
v -0.808424 -0.167148 0.083090
v -0.866959 -0.088125 0.088125
v -0.915359 -0.000000 0.092267
v -0.949961 0.095241 0.095241
v -0.942945 0.190527 0.094855
v -0.923215 0.283884 0.093735
v -0.904878 0.378456 0.093345
v -0.889504 0.477585 0.094181
v -0.850772 0.569370 0.093935
v -0.782621 0.605425 0.082946
v -0.512586 -0.430200 0.000000
v -0.577997 -0.400162 0.000000
v -0.655113 -0.364142 0.000000
v -0.687084 -0.298287 0.000000
v -0.692100 -0.222406 0.000000
v -0.724244 -0.152696 0.000000
v -0.768667 -0.079776 0.000000
v -0.831600 0.000000 -0.000000
v -0.897558 0.090751 0.000000
v -0.922705 0.186985 -0.000000
v -0.914247 0.281455 -0.000000
v -0.896477 0.375316 -0.000000
v -0.876067 0.471021 -0.000000
v -0.818144 0.549081 -0.000000
v -0.707258 0.530879 0.007932
v -0.499192 -0.419433 -0.058979
v -0.547857 -0.381144 -0.061689
v -0.612947 -0.343416 -0.066681
v -0.634901 -0.278754 -0.067916
v -0.626532 -0.204637 -0.066954
v -0.648710 -0.139390 -0.069122
v -0.696857 -0.073541 -0.073542
v -0.772347 0.000000 -0.080090
v -0.848537 0.086545 -0.086545
v -0.890508 0.181413 -0.090269
v -0.896379 0.276716 -0.091312
v -0.883139 0.370427 -0.091297
v -0.829112 0.396455 -0.100010
v -0.749143 0.433451 -0.114956
v -0.648141 0.465399 -0.080053
v -0.484663 -0.407526 -0.116052
v -0.524618 -0.366034 -0.119737
v -0.573529 -0.323612 -0.126636
v -0.588049 -0.260719 -0.127962
v -0.575327 -0.190154 -0.125407
v -0.595434 -0.129498 -0.129498
v -0.654891 -0.069662 -0.140464
v -0.735522 -0.000000 -0.154644
v -0.800924 0.082434 -0.165844
v -0.830679 0.171085 -0.171085
v -0.835831 0.260713 -0.172707
v -0.821793 0.347989 -0.171957
v -0.807170 0.368966 -0.147069
v -0.726236 0.404512 -0.141839
v -0.619272 0.495120 -0.157387
v -0.486930 -0.409045 -0.176824
v -0.525356 -0.366171 -0.181785
v -0.560004 -0.316715 -0.187872
v -0.570931 -0.253952 -0.188911
v -0.558310 -0.184946 -0.184946
v -0.577923 -0.125878 -0.190858
v -0.639699 -0.068142 -0.208154
v -0.711165 -0.000000 -0.227473
v -0.754845 0.078536 -0.238911
v -0.763003 0.159483 -0.240987
v -0.763474 0.241725 -0.241725
v -0.748300 0.321289 -0.239447
v -0.714720 0.393341 -0.233705
v -0.660692 0.451476 -0.224086
v -0.583635 0.485853 -0.209384
v -0.498084 -0.418219 -0.242789
v -0.536743 -0.374051 -0.249502
v -0.562244 -0.318744 -0.254127
v -0.566512 -0.253050 -0.253051
v -0.553981 -0.184081 -0.247517
v -0.572780 -0.125088 -0.255018
v -0.631261 -0.067573 -0.277409
v -0.694195 -0.000000 -0.300902
v -0.724433 0.076349 -0.311818
v -0.722859 0.153336 -0.311051
v -0.720097 0.231411 -0.310582
v -0.700943 0.305264 -0.305264
v -0.662176 0.369092 -0.294189
v -0.610858 0.421323 -0.280617
v -0.542409 0.453648 -0.262701
v -0.501793 -0.422659 -0.307730
v -0.531270 -0.373051 -0.312095
v -0.548296 -0.314567 -0.314567
v -0.554978 -0.251214 -0.315083
v -0.558311 -0.187370 -0.315876
v -0.581477 -0.128203 -0.327500
v -0.632390 -0.068615 -0.352849
v -0.686735 -0.000000 -0.379438
v -0.713835 0.076713 -0.392361
v -0.706491 0.152859 -0.388650
v -0.691164 0.226727 -0.381675
v -0.664725 0.295211 -0.370377
v -0.618306 0.350697 -0.350697
v -0.565514 0.395243 -0.330417
v -0.511089 0.430150 -0.312997
v -0.488718 -0.415910 -0.362306
v -0.504965 -0.361769 -0.361769
v -0.513957 -0.302831 -0.361832
v -0.524390 -0.244316 -0.366172
v -0.541280 -0.186762 -0.376208
v -0.564154 -0.128025 -0.390741
v -0.601409 -0.067390 -0.414421
v -0.643674 -0.000000 -0.440890
v -0.672403 0.074947 -0.458535
v -0.665715 0.149317 -0.454208
v -0.642058 0.218262 -0.439730
v -0.608762 0.279737 -0.419986
v -0.566498 0.330944 -0.395881
v -0.525580 0.375447 -0.375447
v -0.489187 0.416292 -0.362630
v -0.459413 -0.400076 -0.400076
v -0.464302 -0.345428 -0.396023
v -0.465452 -0.287138 -0.393376
v -0.472398 -0.231250 -0.397689
v -0.488574 -0.177378 -0.410350
v -0.505683 -0.120827 -0.424145
v -0.533692 -0.062981 -0.446627
v -0.572648 -0.000000 -0.477492
v -0.608100 0.071612 -0.505279
v -0.611990 0.144979 -0.508193
v -0.588727 0.211099 -0.489897
v -0.550806 0.266473 -0.460360
v -0.515571 0.315537 -0.433761
v -0.488380 0.362072 -0.415634
v -0.465393 0.405029 -0.405029
v -0.405362 -0.465795 -0.405362
v -0.358943 -0.483853 -0.411947
v -0.299960 -0.488080 -0.411609
v -0.238264 -0.488011 -0.410168
v -0.181050 -0.499480 -0.419012
v -0.125703 -0.527145 -0.441113
v -0.065532 -0.555688 -0.463965
v -0.000000 -0.562370 -0.469399
v 0.064534 -0.547083 -0.457183
v 0.125325 -0.525479 -0.439796
v 0.181731 -0.501504 -0.420619
v 0.234937 -0.480605 -0.404249
v 0.292162 -0.474319 -0.400521
v 0.350819 -0.472101 -0.402375
v 0.394012 -0.452093 -0.394012
v -0.413549 -0.485820 -0.360302
v -0.369915 -0.517242 -0.369915
v -0.316314 -0.539155 -0.378162
v -0.255873 -0.551919 -0.383731
v -0.195162 -0.568154 -0.393147
v -0.134857 -0.596740 -0.411105
v -0.069633 -0.622476 -0.427511
v -0.000000 -0.621384 -0.427068
v 0.067016 -0.597899 -0.412239
v 0.128389 -0.565888 -0.391824
v 0.183585 -0.531117 -0.369802
v 0.236606 -0.506025 -0.354459
v 0.300088 -0.508831 -0.358510
v 0.369313 -0.516335 -0.369313
v 0.419224 -0.492787 -0.365118
v -0.420081 -0.498594 -0.305917
v -0.385418 -0.550352 -0.322305
v -0.339074 -0.595784 -0.339074
v -0.276929 -0.619123 -0.347401
v -0.209773 -0.633935 -0.353331
v -0.143943 -0.661288 -0.366539
v -0.073162 -0.678120 -0.375035
v 0.000000 -0.666137 -0.369475
v 0.069217 -0.638446 -0.355787
v 0.134187 -0.611818 -0.342341
v 0.194991 -0.584037 -0.328617
v 0.254228 -0.562497 -0.318871
v 0.325048 -0.568606 -0.325048
v 0.401385 -0.574992 -0.335489
v 0.456369 -0.543628 -0.331435
v -0.426483 -0.508423 -0.247434
v -0.401632 -0.579985 -0.267656
v -0.356566 -0.637314 -0.284222
v -0.287855 -0.656122 -0.287855
v -0.214670 -0.661340 -0.288276
v -0.146903 -0.688682 -0.298291
v -0.074151 -0.701099 -0.303200
v 0.000000 -0.681273 -0.296149
v 0.069677 -0.653600 -0.285659
v 0.139999 -0.652000 -0.284595
v 0.212777 -0.654695 -0.285753
v 0.283346 -0.644512 -0.283346
v 0.359073 -0.642289 -0.286216
v 0.436517 -0.634680 -0.290618
v 0.493872 -0.592734 -0.285308
v -0.441392 -0.527657 -0.190537
v -0.416029 -0.604457 -0.206509
v -0.364876 -0.657247 -0.216679
v -0.289782 -0.665309 -0.215801
v -0.212477 -0.657789 -0.212477
v -0.143755 -0.676381 -0.217525
v -0.071961 -0.682008 -0.219455
v -0.000000 -0.659792 -0.213818
v 0.067960 -0.637678 -0.207614
v 0.141884 -0.666074 -0.214734
v 0.225660 -0.705426 -0.225660
v 0.308921 -0.715719 -0.230164
v 0.389208 -0.706375 -0.231233
v 0.462432 -0.678075 -0.229519
v 0.519740 -0.626300 -0.223749
v -0.456706 -0.546867 -0.130184
v -0.418136 -0.607992 -0.137216
v -0.361990 -0.651989 -0.142110
v -0.290058 -0.666632 -0.142753
v -0.212390 -0.657423 -0.140313
v -0.140580 -0.658120 -0.140580
v -0.069734 -0.655711 -0.140607
v 0.000000 -0.647225 -0.139389
v 0.068200 -0.638169 -0.137558
v 0.143400 -0.674075 -0.143400
v 0.231290 -0.727201 -0.152983
v 0.324003 -0.757549 -0.159865
v 0.407116 -0.744245 -0.160304
v 0.475536 -0.699844 -0.156472
v 0.534469 -0.645225 -0.152529
v -0.465490 -0.557622 -0.065757
v -0.410738 -0.595484 -0.066759
v -0.351946 -0.630528 -0.068430
v -0.284981 -0.651764 -0.069504
v -0.209765 -0.645729 -0.068687
v -0.137459 -0.637598 -0.068150
v -0.069626 -0.651187 -0.069626
v 0.000000 -0.679646 -0.072197
v 0.072280 -0.682146 -0.072280
v 0.146358 -0.688805 -0.072628
v 0.228899 -0.717365 -0.075153
v 0.323968 -0.757334 -0.079447
v 0.412588 -0.755527 -0.080859
v 0.485708 -0.716133 -0.079602
v 0.551078 -0.666204 -0.078352
v -0.462663 -0.553815 -0.000000
v -0.407760 -0.590249 -0.000000
v -0.347831 -0.621392 -0.000000
v -0.279678 -0.636499 -0.000000
v -0.205772 -0.629525 -0.000000
v -0.135955 -0.627349 -0.000000
v -0.070602 -0.660926 0.000000
v 0.000000 -0.708977 0.000000
v 0.074989 -0.712441 -0.000000
v 0.148200 -0.698221 -0.000000
v 0.225501 -0.703743 -0.000000
v 0.317603 -0.739594 -0.000000
v 0.412416 -0.754910 -0.000000
v 0.464260 -0.710802 0.007356
v 0.533299 -0.667651 0.009935
v -0.442194 -0.528067 0.062329
v -0.396391 -0.572395 0.064301
v -0.339329 -0.604521 0.065844
v -0.273622 -0.621007 0.066607
v -0.204262 -0.625127 0.066827
v -0.136884 -0.634291 0.067861
v -0.071164 -0.669122 0.071164
v 0.000000 -0.708693 0.074670
v 0.074582 -0.708992 0.074582
v 0.147700 -0.696526 0.073304
v 0.221494 -0.689642 0.072651
v 0.305834 -0.708231 0.074823
v 0.402940 -0.735641 0.078881
v 0.467574 -0.716280 0.089634
v 0.548155 -0.686568 0.093547
v -0.412239 -0.490624 0.117406
v -0.370796 -0.532238 0.121334
v -0.317354 -0.560734 0.124112
v -0.257729 -0.580041 0.126455
v -0.196241 -0.597800 0.129488
v -0.133620 -0.618748 0.133620
v -0.068464 -0.641198 0.138084
v -0.000000 -0.658794 0.141388
v 0.070066 -0.659512 0.141267
v 0.143803 -0.676352 0.143803
v 0.220570 -0.687621 0.145796
v 0.301098 -0.696202 0.148318
v 0.396413 -0.722363 0.155989
v 0.500727 -0.740155 0.164923
v 0.595596 -0.722539 0.170094
v -0.384895 -0.456525 0.166587
v -0.340936 -0.485321 0.169271
v -0.287503 -0.501022 0.170399
v -0.231708 -0.512339 0.172217
v -0.177110 -0.529996 0.177110
v -0.122669 -0.560248 0.186070
v -0.063312 -0.586193 0.193862
v -0.000000 -0.606086 0.199542
v 0.065907 -0.614935 0.201539
v 0.139654 -0.653794 0.211408
v 0.220660 -0.687360 0.220660
v 0.301938 -0.697328 0.224924
v 0.393468 -0.714976 0.233781
v 0.496901 -0.732759 0.246612
v 0.594034 -0.719838 0.255243
v -0.375856 -0.445083 0.218979
v -0.327711 -0.464087 0.219000
v -0.270799 -0.467082 0.215976
v -0.212934 -0.463224 0.212934
v -0.160153 -0.469999 0.215634
v -0.111825 -0.502312 0.228708
v -0.058899 -0.539179 0.243404
v -0.000000 -0.574010 0.256690
v 0.063442 -0.587411 0.261216
v 0.133560 -0.617789 0.271822
v 0.212392 -0.653342 0.285239
v 0.293409 -0.670421 0.293409
v 0.382280 -0.688351 0.304682
v 0.482118 -0.706177 0.320633
v 0.578571 -0.698701 0.332912
v -0.373951 -0.441345 0.273479
v -0.321914 -0.452359 0.269871
v -0.264734 -0.451735 0.264734
v -0.207961 -0.447088 0.260726
v -0.156451 -0.453938 0.264183
v -0.109301 -0.485638 0.280621
v -0.058462 -0.530283 0.303313
v -0.000000 -0.575097 0.325437
v 0.064047 -0.586453 0.330563
v 0.129243 -0.586750 0.330079
v 0.200747 -0.603466 0.338240
v 0.279341 -0.625138 0.350432
v 0.363852 -0.643796 0.363852
v 0.455735 -0.658859 0.380364
v 0.544567 -0.653085 0.393456
v -0.373175 -0.436251 0.326038
v -0.320520 -0.442789 0.320521
v -0.266309 -0.445701 0.317599
v -0.212070 -0.447580 0.317182
v -0.160166 -0.456191 0.322574
v -0.110656 -0.481304 0.338966
v -0.059090 -0.523440 0.365972
v -0.000000 -0.569248 0.394737
v 0.065356 -0.582305 0.402550
v 0.129263 -0.570059 0.394431
v 0.195724 -0.569953 0.394281
v 0.269360 -0.584045 0.404222
v 0.347616 -0.597656 0.416072
v 0.427619 -0.604221 0.427619
v 0.501281 -0.593529 0.434756
v -0.375077 -0.429237 0.375077
v -0.325332 -0.435229 0.372342
v -0.271759 -0.438310 0.371506
v -0.217655 -0.442134 0.373499
v -0.165601 -0.453598 0.382570
v -0.113186 -0.472048 0.397553
v -0.058484 -0.494920 0.416065
v -0.000000 -0.521415 0.437151
v 0.063324 -0.536650 0.448959
v 0.128214 -0.538198 0.449852
v 0.195808 -0.543312 0.453826
v 0.267971 -0.554139 0.463024
v 0.341052 -0.560601 0.470045
v 0.408888 -0.556107 0.470800
v 0.465727 -0.538662 0.465727
v 0.422713 -0.369672 -0.369672
v 0.441019 -0.329334 -0.377058
v 0.469222 -0.289274 -0.396414
v 0.500112 -0.243700 -0.419840
v 0.524066 -0.189328 -0.438540
v 0.530632 -0.126495 -0.443870
v 0.509872 -0.060218 -0.427851
v 0.480920 -0.000000 -0.405267
v 0.461067 0.054557 -0.389381
v 0.421698 0.101747 -0.357746
v 0.388322 0.143623 -0.330724
v 0.384462 0.191746 -0.327402
v 0.401182 0.250721 -0.341589
v 0.420118 0.314886 -0.360034
v 0.436142 0.380797 -0.380797
v 0.438232 -0.374788 -0.327408
v 0.447953 -0.323946 -0.323946
v 0.470619 -0.279642 -0.333747
v 0.506878 -0.236964 -0.355003
v 0.543673 -0.187510 -0.377716
v 0.557016 -0.126529 -0.386280
v 0.529302 -0.059714 -0.369614
v 0.493336 0.000000 -0.347663
v 0.478856 0.054344 -0.338268
v 0.451002 0.104303 -0.320030
v 0.422186 0.149538 -0.301141
v 0.419621 0.200332 -0.299350
v 0.444958 0.265911 -0.317118
v 0.473561 0.340936 -0.340936
v 0.490916 0.417700 -0.363825
v 0.475447 -0.401430 -0.292802
v 0.475033 -0.336608 -0.282004
v 0.487499 -0.283191 -0.283191
v 0.517142 -0.236045 -0.296020
v 0.555953 -0.186672 -0.314708
v 0.585392 -0.128975 -0.329415
v 0.569936 -0.062405 -0.322550
v 0.540518 0.000000 -0.308710
v 0.533610 0.058793 -0.304927
v 0.522454 0.116562 -0.298629
v 0.504840 0.171530 -0.289393
v 0.505324 0.231308 -0.290066
v 0.526174 0.303150 -0.303150
v 0.541834 0.379898 -0.317747
v 0.545954 0.458243 -0.332753
v 0.522277 -0.437557 -0.253657
v 0.520297 -0.363562 -0.242597
v 0.532020 -0.303517 -0.242010
v 0.555937 -0.239303 -0.217133
v 0.591635 -0.184985 -0.229986
v 0.634827 -0.126769 -0.246347
v 0.641942 -0.068579 -0.281354
v 0.626646 0.000000 -0.276053
v 0.623240 0.066817 -0.274448
v 0.616819 0.133377 -0.271460
v 0.602511 0.197909 -0.265941
v 0.604665 0.267869 -0.267869
v 0.615521 0.345586 -0.275485
v 0.609094 0.420198 -0.279876
v 0.590309 0.491934 -0.284219
v 0.574348 -0.478477 -0.206257
v 0.578755 -0.399829 -0.198476
v 0.596908 -0.334992 -0.198804
v 0.628099 -0.266000 -0.173204
v 0.667603 -0.205353 -0.183183
v 0.712202 -0.140250 -0.195207
v 0.725647 -0.075901 -0.231111
v 0.715802 -0.000000 -0.228706
v 0.709112 0.074408 -0.226695
v 0.695864 0.147293 -0.222802
v 0.678460 0.218197 -0.218197
v 0.681725 0.296015 -0.220479
v 0.679493 0.373273 -0.145261
v 0.660473 0.449879 -0.146150
v 0.636975 0.528219 -0.227343
v 0.622342 -0.516378 -0.147331
v 0.641188 -0.438881 -0.144175
v 0.663859 -0.367796 -0.144451
v 0.695944 -0.301002 -0.148270
v 0.731914 -0.232567 -0.153839
v 0.765620 -0.159584 -0.159584
v 0.777908 -0.080421 -0.161844
v 0.774499 -0.000000 -0.161379
v 0.759696 0.078828 -0.158679
v 0.729312 0.153165 -0.153165
v 0.712218 0.227232 -0.150262
v 0.725226 0.311935 -0.153781
v 0.695337 0.381235 -0.114260
v 0.674259 0.459235 -0.114920
v 0.678125 0.560481 -0.160004
v 0.660484 -0.546569 -0.077688
v 0.700482 -0.475983 -0.077936
v 0.732697 -0.401512 -0.078589
v 0.752443 -0.322162 -0.078987
v 0.766806 -0.242105 -0.079616
v 0.780342 -0.162267 -0.080634
v 0.779912 -0.080662 -0.080662
v 0.771412 0.000000 -0.080010
v 0.749143 0.078024 -0.078024
v 0.714691 0.150857 -0.074892
v 0.711902 0.227440 -0.074660
v 0.739844 0.317509 -0.077800
v 0.753063 0.411392 -0.080614
v 0.725157 0.491315 -0.080563
v 0.694998 0.573775 -0.081692
v 0.683631 -0.564878 0.000000
v 0.740416 -0.500881 0.000000
v 0.789131 -0.428969 0.000000
v 0.803660 -0.341171 0.000000
v 0.796692 -0.250208 0.000000
v 0.792384 -0.164469 -0.000000
v 0.768513 -0.079763 -0.000000
v 0.742141 -0.000000 -0.000000
v 0.720139 0.075644 0.000000
v 0.705847 0.149517 -0.000000
v 0.719507 0.229691 -0.000000
v 0.748227 0.320779 -0.000000
v 0.753068 0.411524 -0.000000
v 0.716052 0.485773 -0.000000
v 0.679715 0.561795 -0.000000
v 0.700342 -0.577987 0.082312
v 0.763867 -0.515369 0.084684
v 0.829290 -0.448373 0.088193
v 0.858851 -0.361458 0.089009
v 0.846101 -0.263286 0.086774
v 0.820722 -0.169285 0.084166
v 0.763576 -0.079261 0.079261
v 0.716793 -0.000000 0.075360
v 0.702730 0.074045 0.074045
v 0.719138 0.151630 0.075281
v 0.730717 0.232466 0.076358
v 0.734247 0.315442 0.077273
v 0.716725 0.393763 0.077000
v 0.672704 0.458722 0.074979
v 0.635606 0.526960 0.074803
v 0.708358 -0.584384 0.166873
v 0.760697 -0.513565 0.169230
v 0.828068 -0.448118 0.176836
v 0.876330 -0.368350 0.182222
v 0.872404 -0.270619 0.179347
v 0.835541 -0.171945 0.171945
v 0.770382 -0.079763 0.160536
v 0.726542 -0.000000 0.153093
v 0.719376 0.075302 0.151671
v 0.738880 0.154857 0.154857
v 0.724086 0.230446 0.152417
v 0.698412 0.301924 0.148735
v 0.667215 0.369438 0.145113
v 0.626514 0.429711 0.141099
v 0.596815 0.496196 0.141531
v 0.706615 -0.583532 0.250791
v 0.747778 -0.506368 0.251306
v 0.808833 -0.439952 0.261585
v 0.860458 -0.363870 0.271403
v 0.863569 -0.269427 0.269427
v 0.808309 -0.183674 0.274391
v 0.756772 -0.092699 0.260477
v 0.745387 -0.000000 0.236570
v 0.735226 0.076765 0.233670
v 0.736048 0.154589 0.233686
v 0.699162 0.223927 0.223927
v 0.659847 0.287709 0.214245
v 0.606839 0.337121 0.215422
v 0.571408 0.395140 0.210185
v 0.548284 0.461035 0.211976
v 0.702721 -0.581784 0.334718
v 0.741768 -0.504819 0.335575
v 0.791431 -0.434215 0.346007
v 0.832889 -0.356512 0.356512
v 0.845099 -0.267027 0.358039
v 0.805892 -0.185072 0.365402
v 0.764480 -0.094194 0.349869
v 0.749470 0.000000 0.321237
v 0.733472 0.077200 0.315156
v 0.723514 0.153459 0.311296
v 0.678359 0.219519 0.294737
v 0.632261 0.278588 0.278588
v 0.602786 0.339170 0.270380
v 0.573798 0.397685 0.265058
v 0.551602 0.460996 0.266831
v 0.673607 -0.561104 0.405084
v 0.718179 -0.494177 0.412105
v 0.762389 -0.425055 0.425055
v 0.796706 -0.348122 0.436872
v 0.815986 -0.263704 0.443495
v 0.808687 -0.173014 0.438637
v 0.769648 -0.082263 0.419438
v 0.728481 0.000000 0.399632
v 0.710444 0.076376 0.390716
v 0.694877 0.150568 0.382968
v 0.641033 0.196796 0.336942
v 0.604095 0.270904 0.339830
v 0.579556 0.330699 0.330699
v 0.553933 0.387738 0.324221
v 0.528907 0.444507 0.323093
v 0.611201 -0.515675 0.446971
v 0.661735 -0.465776 0.465775
v 0.706066 -0.405623 0.486327
v 0.737931 -0.333964 0.502372
v 0.756087 -0.253903 0.511605
v 0.747949 -0.166557 0.505598
v 0.716252 -0.079615 0.485781
v 0.687856 0.000000 0.468288
v 0.674227 0.075141 0.459668
v 0.651102 0.146254 0.445077
v 0.606239 0.207066 0.417153
v 0.568152 0.262688 0.394085
v 0.549734 0.321974 0.385017
v 0.524709 0.374869 0.374869
v 0.498905 0.424207 0.369347
v 0.543053 -0.469365 0.469365
v 0.585977 -0.429536 0.495130
v 0.632209 -0.381627 0.527746
v 0.670518 -0.320251 0.556044
v 0.703637 -0.233463 0.535198
v 0.672273 -0.158419 0.548645
v 0.659419 -0.077565 0.545730
v 0.637151 -0.000000 0.528281
v 0.621564 0.073174 0.515891
v 0.592642 0.140584 0.492897
v 0.552774 0.198993 0.461341
v 0.522295 0.253665 0.437571
v 0.508388 0.311466 0.427973
v 0.488292 0.362011 0.415563
v 0.468536 0.407633 0.407633
v -0.388417 -0.388417 -0.445340
v -0.378049 -0.330175 -0.442235
v -0.377170 -0.275743 -0.445340
v -0.382399 -0.222657 -0.453270
v -0.390863 -0.169117 -0.464039
v -0.402928 -0.114731 -0.478847
v -0.430836 -0.060657 -0.513659
v -0.474945 -0.000000 -0.569414
v -0.471519 0.070871 -0.604540
v -0.485677 0.149088 -0.622607
v -0.508227 0.218869 -0.611805
v -0.465350 0.269278 -0.557049
v -0.431196 0.313733 -0.512388
v -0.406272 0.354126 -0.476885
v -0.393003 0.393003 -0.450876
v -0.350091 -0.401517 -0.471048
v -0.344258 -0.344258 -0.478569
v -0.342785 -0.287104 -0.484565
v -0.344004 -0.229724 -0.489633
v -0.350850 -0.174188 -0.501050
v -0.367353 -0.120179 -0.526728
v -0.395976 -0.064230 -0.571727
v -0.431575 -0.000000 -0.628653
v -0.418178 0.073355 -0.662160
v -0.428660 0.153506 -0.679124
v -0.454368 0.225520 -0.665280
v -0.418106 0.278499 -0.605815
v -0.385047 0.321998 -0.549779
v -0.358693 0.358693 -0.500328
v -0.347503 0.398467 -0.467304
v -0.300264 -0.412042 -0.488617
v -0.303888 -0.363112 -0.515932
v -0.303032 -0.303032 -0.525945
v -0.300817 -0.239862 -0.526663
v -0.306867 -0.181982 -0.540121
v -0.325799 -0.127517 -0.578000
v -0.350131 -0.068058 -0.626787
v -0.371699 -0.000000 -0.670735
v -0.389925 0.076214 -0.708813
v -0.395239 0.155515 -0.719963
v -0.383527 0.227835 -0.694904
v -0.361457 0.288114 -0.647022
v -0.334577 0.334577 -0.587070
v -0.310271 0.370843 -0.527862
v -0.301115 0.413252 -0.490119
v -0.242105 -0.417003 -0.496563
v -0.252428 -0.378497 -0.543714
v -0.253179 -0.317553 -0.559880
v -0.250285 -0.250285 -0.559391
v -0.256232 -0.190622 -0.576936
v -0.271283 -0.133288 -0.616344
v -0.285623 -0.069668 -0.653502
v -0.291728 0.000000 -0.669256
v -0.296407 0.072418 -0.682703
v -0.296061 0.145779 -0.682709
v -0.291843 0.217348 -0.670736
v -0.283996 0.283996 -0.646186
v -0.267352 0.335365 -0.595235
v -0.251381 0.376906 -0.541219
v -0.247304 0.426253 -0.508135
v -0.182908 -0.423397 -0.505000
v -0.192915 -0.388616 -0.560966
v -0.194525 -0.327838 -0.582463
v -0.192485 -0.258715 -0.583476
v -0.197873 -0.197873 -0.605019
v -0.206738 -0.136524 -0.636552
v -0.212468 -0.069600 -0.655849
v -0.209170 0.000000 -0.642308
v -0.204914 0.067047 -0.627571
v -0.197705 0.130468 -0.603203
v -0.194262 0.194262 -0.591973
v -0.193885 0.260580 -0.588390
v -0.188303 0.317436 -0.561460
v -0.182851 0.368320 -0.528766
v -0.183879 0.425686 -0.507882
v -0.124004 -0.435200 -0.519665
v -0.129544 -0.395267 -0.571396
v -0.131538 -0.335772 -0.598388
v -0.131701 -0.268135 -0.607912
v -0.135858 -0.205745 -0.632887
v -0.139861 -0.139861 -0.654055
v -0.142249 -0.070560 -0.665158
v -0.138515 0.000000 -0.642166
v -0.132635 0.065722 -0.609844
v -0.122432 0.122432 -0.555466
v -0.116290 0.176555 -0.525116
v -0.116149 0.237285 -0.525285
v -0.115268 0.295420 -0.515892
v -0.114568 0.350628 -0.499965
v -0.116874 0.410388 -0.488282
v -0.063068 -0.447215 -0.534438
v -0.065614 -0.404053 -0.584724
v -0.068065 -0.350169 -0.626866
v -0.069696 -0.285735 -0.653806
v -0.071399 -0.217791 -0.675776
v -0.071417 -0.143952 -0.674959
v -0.071030 -0.071030 -0.667566
v -0.069460 0.000000 -0.647505
v -0.066535 0.066535 -0.615127
v -0.060191 0.121643 -0.546599
v -0.055244 0.169988 -0.496813
v -0.054163 0.224834 -0.488893
v -0.054580 0.284373 -0.491241
v -0.055857 0.347097 -0.493065
v -0.058118 0.413579 -0.491765
v -0.000000 -0.461147 -0.551890
v -0.000000 -0.423681 -0.615923
v -0.000000 -0.376716 -0.681107
v -0.000000 -0.311826 -0.723888
v 0.000000 -0.234154 -0.736298
v 0.000000 -0.150948 -0.714125
v 0.000000 -0.071793 -0.674905
v 0.000000 0.000000 -0.645070
v 0.000000 0.066943 -0.617944
v 0.000000 0.124094 -0.558702
v 0.000000 0.173322 -0.507446
v 0.000000 0.225717 -0.489815
v -0.000000 0.286931 -0.495493
v -0.000000 0.359253 -0.512026
v -0.000000 0.438471 -0.523090
v 0.066503 -0.470558 -0.564052
v 0.072087 -0.441841 -0.645538
v 0.077792 -0.397626 -0.724686
v 0.080516 -0.328159 -0.768682
v 0.080115 -0.243581 -0.772330
v 0.077838 -0.156711 -0.748374
v 0.073811 -0.073811 -0.699998
v 0.070733 0.000000 -0.662460
v 0.068378 0.068378 -0.636626
v 0.063668 0.128553 -0.586357
v 0.059176 0.181622 -0.540368
v 0.056877 0.235473 -0.517704
v 0.057343 0.297852 -0.519027
v 0.060418 0.373722 -0.535913
v 0.064852 0.459344 -0.549825
v 0.135516 -0.475263 -0.570339
v 0.148459 -0.451651 -0.661623
v 0.159505 -0.405134 -0.740192
v 0.162173 -0.328580 -0.769809
v 0.159064 -0.240361 -0.760691
v 0.155619 -0.155619 -0.743189
v 0.148557 -0.073735 -0.701456
v 0.142242 -0.000000 -0.663740
v 0.138142 0.068493 -0.641526
v 0.131762 0.131762 -0.608241
v 0.126906 0.192390 -0.583581
v 0.124080 0.253017 -0.567421
v 0.122853 0.314230 -0.554348
v 0.123818 0.378200 -0.544086
v 0.129314 0.453679 -0.543039
v 0.203413 -0.471768 -0.565901
v 0.223442 -0.450178 -0.658633
v 0.238302 -0.401026 -0.730237
v 0.241298 -0.323756 -0.754797
v 0.238405 -0.238405 -0.751478
v 0.236707 -0.156614 -0.747199
v 0.228908 -0.075156 -0.717399
v 0.220594 -0.000000 -0.685284
v 0.215495 0.070623 -0.667183
v 0.206656 0.136469 -0.636251
v 0.201042 0.201042 -0.616472
v 0.197928 0.265967 -0.602579
v 0.193512 0.326145 -0.579045
v 0.188237 0.379182 -0.545999
v 0.191979 0.444795 -0.531941
v 0.266356 -0.460152 -0.550546
v 0.292139 -0.438828 -0.638303
v 0.310527 -0.389625 -0.702929
v 0.316861 -0.316861 -0.730802
v 0.318260 -0.237173 -0.740319
v 0.319930 -0.157812 -0.746640
v 0.312119 -0.076426 -0.725250
v 0.303422 0.000000 -0.701043
v 0.292455 0.055855 -0.649163
v 0.292616 0.122700 -0.609210
v 0.271652 0.202195 -0.617553
v 0.263564 0.263564 -0.593581
v 0.256276 0.321446 -0.567606
v 0.248958 0.373225 -0.535447
v 0.254547 0.439139 -0.524257
v 0.323260 -0.444743 -0.529200
v 0.351915 -0.421279 -0.605690
v 0.369440 -0.369440 -0.654625
v 0.371599 -0.296184 -0.667152
v 0.370939 -0.220306 -0.669489
v 0.375447 -0.147535 -0.679500
v 0.372891 -0.072722 -0.673702
v 0.371852 -0.000000 -0.671053
v 0.378460 0.044754 -0.636471
v 0.375051 0.111655 -0.599947
v 0.335102 0.198870 -0.597130
v 0.318673 0.254070 -0.562103
v 0.305657 0.305657 -0.531031
v 0.298210 0.356236 -0.505321
v 0.308689 0.424023 -0.503486
v 0.370983 -0.426135 -0.501272
v 0.397068 -0.397068 -0.558172
v 0.408277 -0.341179 -0.585626
v 0.401947 -0.267863 -0.580479
v 0.396577 -0.196863 -0.573595
v 0.406116 -0.133183 -0.588757
v 0.417033 -0.067838 -0.605614
v 0.429564 -0.000000 -0.625410
v 0.432655 0.070514 -0.630754
v 0.412084 0.135186 -0.598307
v 0.385802 0.191520 -0.556501
v 0.365329 0.243760 -0.523067
v 0.348298 0.291656 -0.493073
v 0.337424 0.337424 -0.468268
v 0.347100 0.397993 -0.466721
v 0.403127 -0.403127 -0.463096
v 0.424962 -0.369988 -0.499832
v 0.435942 -0.317071 -0.518278
v 0.432034 -0.250554 -0.515368
v 0.428482 -0.185064 -0.511403
v 0.442161 -0.126004 -0.528471
v 0.459738 -0.064910 -0.550325
v 0.473520 -0.000000 -0.567603
v 0.470464 0.066489 -0.563932
v 0.438886 0.125063 -0.524327
v 0.406430 0.175716 -0.483638
v 0.388409 0.226034 -0.460788
v 0.375393 0.274492 -0.443134
v 0.365693 0.319689 -0.427066
v 0.374155 0.374155 -0.428124
v -0.457512 -0.457512 -0.208803
v 0.589490 0.589490 -0.264990
v -0.486970 0.486970 -0.220770
v 0.538374 -0.538374 -0.242792
v 0.551653 0.665815 -0.276431
v 0.485761 0.713609 -0.280991
v 0.407789 0.741623 -0.282590
v 0.328526 0.764328 -0.285738
v 0.261460 0.730789 -0.291258
v 0.155855 0.654739 -0.311171
v 0.069049 0.680707 -0.288129
v 0.000000 0.783001 -0.290058
v -0.080674 0.774330 -0.287226
v -0.153341 0.725918 -0.271718
v -0.215213 0.665348 -0.252463
v -0.268962 0.608852 -0.235079
v -0.317389 0.560367 -0.221194
v -0.365420 0.523658 -0.212872
v -0.417938 0.497950 -0.211270
v -0.492507 -0.413632 -0.209807
v -0.531049 -0.370111 -0.215643
v -0.561124 -0.317729 -0.220999
v -0.568721 -0.253501 -0.220981
v -0.556145 -0.184514 -0.216231
v -0.575351 -0.125483 -0.222938
v -0.635480 -0.067858 -0.242782
v -0.702680 -0.000000 -0.264188
v -0.739639 0.077443 -0.275364
v -0.742931 0.156410 -0.276019
v -0.741786 0.236568 -0.276154
v -0.724621 0.313277 -0.272355
v -0.688448 0.381217 -0.263947
v -0.635775 0.436399 -0.252351
v -0.563022 0.469751 -0.236043
v -0.433938 -0.518040 -0.218985
v -0.408831 -0.592221 -0.237082
v -0.360721 -0.647281 -0.250450
v -0.288819 -0.660716 -0.251828
v -0.213574 -0.659564 -0.250376
v -0.145329 -0.682531 -0.257908
v -0.073056 -0.691554 -0.261328
v -0.000000 -0.670533 -0.254983
v 0.068818 -0.645639 -0.246637
v 0.140941 -0.659037 -0.249664
v 0.219219 -0.680060 -0.255706
v 0.296133 -0.680116 -0.256755
v 0.374140 -0.674332 -0.258724
v 0.449474 -0.656377 -0.260068
v 0.506806 -0.609517 -0.254529
v 0.548313 -0.458017 -0.229957
v 0.549526 -0.381696 -0.220536
v 0.564464 -0.319254 -0.220407
v 0.592018 -0.252652 -0.195169
v 0.629619 -0.195169 -0.206585
v 0.673514 -0.133510 -0.220777
v 0.683794 -0.072240 -0.256233
v 0.671224 0.000000 -0.252380
v 0.666176 0.070613 -0.250571
v 0.656341 0.140335 -0.247131
v 0.640486 0.208053 -0.242069
v 0.643195 0.281942 -0.244174
v 0.647507 0.359430 -0.210373
v 0.634784 0.435038 -0.213013
v 0.613642 0.510077 -0.255781
v 0.257525 -0.465018 -0.465017
v 0.277961 0.504657 0.504657
v 0.285681 -0.518193 0.518193
v 0.288045 0.523405 -0.523405
v 0.308830 0.606708 -0.505524
v 0.322882 0.667849 -0.458539
v 0.330885 0.705987 -0.392228
v 0.324405 0.721477 -0.312813
v 0.355454 0.782618 -0.250251
v 0.376914 0.838949 -0.176027
v 0.386420 0.863725 -0.089944
v 0.376116 0.837420 0.000000
v 0.357516 0.790969 0.082999
v 0.333943 0.731904 0.155646
v 0.310052 0.671059 0.218167
v 0.293661 0.627135 0.277382
v 0.284279 0.596778 0.336905
v 0.275004 0.560489 0.389814
v 0.270541 0.526465 0.441262
v 0.290347 -0.473876 0.567163
v 0.292956 -0.414963 0.599712
v 0.296582 -0.350928 0.624347
v 0.313219 -0.295572 0.673542
v 0.339016 -0.238699 0.742486
v 0.359245 -0.167719 0.795385
v 0.375804 -0.087426 0.837427
v 0.378147 -0.009403 0.849496
v 0.349807 0.042096 0.800469
v 0.325371 0.131111 0.728274
v 0.330402 0.219821 0.691808
v 0.308093 0.291972 0.664748
v 0.285924 0.339801 0.602678
v 0.275544 0.391408 0.563063
v 0.278500 0.455299 0.544022
v 0.248271 -0.479140 -0.403380
v 0.251397 -0.506679 -0.355403
v 0.270729 -0.563920 -0.320311
v 0.300990 -0.643994 -0.284014
v 0.327628 -0.713542 -0.230413
v 0.343368 -0.754449 -0.159967
v 0.344616 -0.756913 -0.079776
v 0.339695 -0.743163 -0.000000
v 0.328460 -0.714618 0.075768
v 0.323307 -0.702297 0.150106
v 0.323265 -0.701440 0.226988
v 0.314116 -0.674599 0.296036
v 0.299032 -0.629485 0.353559
v 0.287594 -0.587217 0.406983
v 0.284999 -0.555645 0.464660
v 0.279615 -0.456562 -0.545572
v 0.306067 -0.434739 -0.630705
v 0.324254 -0.384922 -0.691674
v 0.329615 -0.312043 -0.715971
v 0.330534 -0.233243 -0.723815
v 0.332866 -0.155417 -0.730996
v 0.326279 -0.075563 -0.713239
v 0.319366 -0.000000 -0.694055
v 0.312494 0.053268 -0.646206
v 0.311824 0.120127 -0.607051
v 0.286436 0.201420 -0.612795
v 0.276405 0.261352 -0.586247
v 0.267782 0.317767 -0.559084
v 0.260434 0.369266 -0.528428
v 0.267162 0.435617 -0.519417
v 0.314309 -0.678768 -0.257214
v 0.346995 0.759038 -0.285005
v -0.480951 -0.480951 -0.091749
v 0.641539 0.636024 -0.122187
v -0.557551 0.557551 -0.105793
v 0.599821 -0.599821 -0.114177
v 0.596825 0.724175 -0.127455
v 0.512304 0.729015 -0.136515
v 0.430204 0.800417 -0.146556
v 0.361167 0.857643 -0.133216
v 0.270156 0.871394 -0.133182
v 0.165869 0.847578 -0.117581
v 0.084400 0.823740 -0.125875
v -0.000000 0.800566 -0.123509
v -0.080997 0.784232 -0.121682
v -0.156225 0.746150 -0.116635
v -0.216893 0.673262 -0.107025
v -0.264091 0.596162 -0.096714
v -0.310878 0.546713 -0.090422
v -0.385382 0.497085 -0.093434
v -0.471494 0.516412 -0.097028
v -0.491927 -0.413479 -0.087515
v -0.536238 -0.373589 -0.090713
v -0.593238 -0.333514 -0.096658
v -0.611475 -0.269736 -0.097939
v -0.600929 -0.197396 -0.096180
v -0.622072 -0.134444 -0.099310
v -0.675874 -0.071602 -0.107003
v -0.753934 0.000000 -0.117367
v -0.824731 0.084490 -0.126195
v -0.860593 0.176249 -0.130677
v -0.866105 0.268714 -0.132010
v -0.852466 0.359208 -0.131627
v -0.818141 0.382711 -0.123539
v -0.737690 0.418981 -0.128398
v -0.633707 0.480259 -0.118720
v -0.461098 -0.552244 -0.097970
v -0.414437 -0.601738 -0.101987
v -0.356968 -0.641258 -0.105270
v -0.287520 -0.659198 -0.106128
v -0.211078 -0.651576 -0.104500
v -0.139019 -0.647859 -0.104365
v -0.069680 -0.653449 -0.105116
v 0.000000 -0.663436 -0.105793
v 0.070240 -0.660157 -0.104919
v 0.144879 -0.681440 -0.108014
v 0.230095 -0.722283 -0.114068
v 0.323985 -0.757441 -0.119656
v 0.409852 -0.749886 -0.120582
v 0.480622 -0.707989 -0.118037
v 0.542774 -0.655714 -0.115441
v 0.641413 -0.531473 -0.112510
v 0.670835 -0.457432 -0.111056
v 0.698278 -0.384654 -0.111520
v 0.724193 -0.311582 -0.113628
v 0.749360 -0.237336 -0.116727
v 0.772981 -0.160926 -0.120109
v 0.778910 -0.080542 -0.121253
v 0.772955 0.000000 -0.120694
v 0.754420 0.078426 -0.118352
v 0.722002 0.152011 -0.114029
v 0.712060 0.227336 -0.112461
v 0.732535 0.314722 -0.115791
v 0.724200 0.396314 -0.097437
v 0.699708 0.475275 -0.097741
v 0.686562 0.567128 -0.120848
v 0.343992 -0.755681 -0.119872
v 0.381667 0.851337 -0.132985
v 0.095772 -0.500885 -0.500885
v 0.106757 0.554715 0.554715
v 0.094839 -0.492488 0.492488
v 0.104180 0.544659 -0.544659
v 0.122524 0.638069 -0.523703
v 0.119800 0.717876 -0.486790
v 0.120515 0.749585 -0.409705
v 0.129014 0.738897 -0.324267
v 0.137134 0.657134 -0.225639
v 0.126102 0.810733 -0.167577
v 0.133976 0.870347 -0.088477
v 0.134549 0.877712 -0.000000
v 0.129251 0.839875 0.085823
v 0.118875 0.761504 0.158923
v 0.109915 0.693701 0.222396
v 0.106042 0.659741 0.287714
v 0.106715 0.651889 0.362141
v 0.106762 0.631401 0.432925
v 0.106050 0.595687 0.495406
v 0.096713 -0.452104 0.540833
v 0.098403 -0.400598 0.579533
v 0.099966 -0.340530 0.607539
v 0.105563 -0.286115 0.655420
v 0.113322 -0.227593 0.712903
v 0.117438 -0.155310 0.740641
v 0.121607 -0.079688 0.768671
v 0.128126 0.000000 0.819554
v 0.131354 0.086526 0.847757
v 0.127812 0.169616 0.822336
v 0.118916 0.238072 0.751814
v 0.110706 0.297208 0.685183
v 0.099212 0.334709 0.610148
v 0.099922 0.412845 0.570560
v 0.104650 0.487718 0.585941
v 0.094930 -0.536281 -0.448490
v 0.097702 -0.581893 -0.402032
v 0.101702 -0.625132 -0.349064
v 0.104838 -0.652800 -0.285127
v 0.104922 -0.651876 -0.211174
v 0.105800 -0.656122 -0.140479
v 0.109319 -0.685475 -0.072454
v 0.111594 -0.705331 -0.000000
v 0.111141 -0.702759 0.073943
v 0.106935 -0.667932 0.142535
v 0.102781 -0.634365 0.206473
v 0.098501 -0.602600 0.266519
v 0.096645 -0.586602 0.330321
v 0.097310 -0.576182 0.398490
v 0.095769 -0.537424 0.449405
v 0.101010 -0.472911 -0.567195
v 0.110273 -0.446746 -0.653580
v 0.118649 -0.401380 -0.732439
v 0.121345 -0.328369 -0.769246
v 0.119589 -0.241971 -0.766510
v 0.116728 -0.156165 -0.745782
v 0.111184 -0.073773 -0.700727
v 0.106488 0.000000 -0.663100
v 0.103260 0.068435 -0.639076
v 0.097715 0.130158 -0.597299
v 0.093041 0.187006 -0.561975
v 0.090478 0.244245 -0.542562
v 0.090098 0.306041 -0.536688
v 0.092118 0.375961 -0.539999
v 0.097083 0.456512 -0.546432
v 0.104880 -0.652338 -0.248151
v 0.112452 0.667723 -0.299650
v 0.107560 -0.670799 -0.106467
v 0.120231 0.830778 -0.115430
vn 0.5912 -0.3448 -0.7291
vn 0.8978 -0.3924 -0.1998
vn 0.5316 0.2108 0.8203
vn 0.3328 -0.3415 0.8790
vn -0.4176 0.4367 -0.7968
vn -0.5524 -0.2394 -0.7985
vn -0.2898 0.5586 0.7772
vn -0.1086 -0.9540 0.2793
vn -0.6080 -0.4875 -0.6266
vn -0.6587 -0.6742 -0.3339
vn -0.7087 -0.7016 -0.0737
vn -0.7919 -0.6096 -0.0356
vn -0.9316 -0.3378 -0.1342
vn -0.9489 -0.2105 -0.2350
vn -0.9525 -0.2575 -0.1623
vn -0.9175 -0.3618 0.1652
vn -0.7603 -0.4283 0.4884
vn -0.6528 -0.4976 0.5711
vn -0.6568 -0.6892 0.3059
vn -0.5374 -0.8416 -0.0550
vn -0.3502 -0.9315 -0.0980
vn -0.2095 -0.9774 0.0285
vn -0.1331 -0.9752 0.1770
vn 0.7273 -0.6231 -0.2878
vn 0.4040 -0.8658 -0.2953
vn 0.2266 -0.9529 -0.2018
vn 0.2526 -0.9606 -0.1159
vn 0.2790 -0.9416 -0.1886
vn 0.2203 -0.9173 -0.3317
vn 0.1205 -0.7869 -0.6053
vn -0.0801 -0.6593 -0.7476
vn -0.3296 -0.5556 -0.7633
vn -0.4493 -0.5769 -0.6821
vn -0.3417 -0.6878 -0.6405
vn -0.1131 -0.7482 -0.6537
vn -0.0585 -0.7016 -0.7101
vn -0.2650 -0.5585 -0.7861
vn -0.4725 -0.3750 -0.7975
vn 0.6526 -0.3026 -0.6947
vn 0.8290 -0.1434 -0.5406
vn 0.9670 -0.0270 -0.2532
vn 0.9963 0.0836 0.0179
vn 0.9270 0.3418 0.1543
vn 0.8528 0.5002 0.1500
vn 0.9287 0.3646 0.0685
vn 0.9811 0.1701 -0.0928
vn 0.9215 0.0458 -0.3857
vn 0.7427 -0.1288 -0.6571
vn 0.6669 -0.2054 -0.7163
vn 0.8034 -0.2372 -0.5462
vn 0.9020 -0.3632 -0.2334
vn 0.8855 -0.4642 -0.0198
vn 0.8870 -0.4607 -0.0312
vn -0.1017 -0.9353 0.3388
vn -0.0547 -0.9133 0.4035
vn -0.0241 -0.8494 0.5272
vn -0.0746 -0.6870 0.7228
vn -0.2234 -0.3581 0.9066
vn -0.3457 0.0831 0.9347
vn -0.3598 0.3270 0.8739
vn -0.2457 0.2502 0.9365
vn -0.0812 0.0184 0.9965
vn -0.1055 0.0320 0.9939
vn -0.1832 0.2919 0.9387
vn -0.1928 0.4692 0.8618
vn -0.1680 0.4411 0.8816
vn -0.1743 0.4389 0.8815
vn -0.2211 0.5120 0.8300
vn 0.4657 0.2178 0.8577
vn 0.3862 0.3323 0.8605
vn 0.4074 0.4108 0.8156
vn 0.4808 0.5141 0.7103
vn 0.5059 0.6370 0.5816
vn 0.5705 0.6390 0.5159
vn 0.7186 0.5132 0.4692
vn 0.8245 0.3877 0.4122
vn 0.8805 0.2055 0.4272
vn 0.8522 0.0070 0.5231
vn 0.7389 -0.1381 0.6595
vn 0.4333 -0.5690 0.6989
vn 0.1810 -0.7304 0.6586
vn 0.1831 -0.6674 0.7219
vn 0.2776 -0.4971 0.8221
vn -0.4410 0.4685 -0.7655
vn -0.4713 0.5695 -0.6734
vn -0.4981 0.6713 -0.5489
vn -0.5303 0.7279 -0.4347
vn -0.6644 0.5395 -0.5172
vn -0.7065 0.0456 -0.7062
vn -0.5951 -0.3801 -0.7081
vn -0.4825 -0.6315 -0.6070
vn -0.4280 -0.6258 -0.6521
vn -0.4366 -0.4324 -0.7889
vn -0.4532 -0.3020 -0.8387
vn -0.4865 -0.2302 -0.8428
vn -0.5039 -0.0680 -0.8611
vn -0.5008 0.0632 -0.8633
vn -0.5281 0.0079 -0.8491
vn 0.5060 0.2563 0.8236
vn 0.5144 0.4160 0.7499
vn 0.5589 0.5934 0.5793
vn 0.6226 0.6654 0.4118
vn 0.5004 0.6739 0.5435
vn 0.0415 0.7018 0.7112
vn -0.4014 0.5893 0.7011
vn -0.5081 0.5994 0.6185
vn -0.4071 0.6700 0.6207
vn -0.3257 0.6074 0.7246
vn -0.1923 0.5345 0.8230
vn 0.1564 0.5308 0.8329
vn 0.3543 0.5038 0.7878
vn 0.0251 0.4787 0.8776
vn -0.2347 0.5221 0.8200
vn 0.5634 -0.2823 -0.7765
vn 0.6156 -0.1396 -0.7756
vn 0.7248 0.0499 -0.6872
vn 0.7706 0.1700 -0.6142
vn 0.7577 0.2869 -0.5862
vn 0.8555 0.4348 -0.2811
vn 0.7636 0.5826 0.2782
vn 0.6352 0.5806 0.5093
vn 0.7769 0.5684 0.2708
vn 0.8961 0.3590 0.2610
vn 0.8642 0.2272 0.4490
vn 0.8438 0.3057 0.4410
vn 0.7284 0.3398 0.5950
vn 0.6572 0.3254 0.6799
vn 0.6048 0.2907 0.7414
vn -0.0949 -0.9551 0.2806
vn -0.0861 -0.9547 0.2849
vn -0.1302 -0.9571 0.2588
vn -0.2374 -0.9495 0.2051
vn -0.2352 -0.9401 0.2468
vn -0.1522 -0.8990 0.4107
vn -0.2090 -0.7678 0.6056
vn -0.3113 -0.6487 0.6945
vn -0.2747 -0.6565 0.7025
vn -0.1844 -0.7549 0.6294
vn -0.1718 -0.7771 0.6055
vn -0.1184 -0.7828 0.6108
vn 0.0794 -0.7309 0.6779
vn 0.3321 -0.5857 0.7393
vn 0.4245 -0.4119 0.8063
vn -0.2526 0.6095 0.7515
vn -0.1903 0.6179 0.7629
vn -0.1500 0.6522 0.7431
vn -0.0952 0.7664 0.6353
vn -0.2194 0.9263 0.3063
vn -0.2640 0.9534 -0.1460
vn -0.2047 0.8462 -0.4919
vn -0.1447 0.8204 -0.5531
vn -0.1876 0.8360 -0.5157
vn 0.0002 0.9369 -0.3497
vn 0.0101 0.9265 -0.3762
vn -0.2544 0.8960 -0.3640
vn -0.5069 0.8353 -0.2129
vn -0.6547 0.6832 -0.3233
vn -0.5826 0.5347 -0.6121
vn -0.3358 0.4357 -0.8351
vn -0.4185 0.4116 -0.8096
vn -0.4987 0.3666 -0.7854
vn -0.3453 0.3424 -0.8738
vn 0.0018 0.2938 -0.9559
vn 0.0424 0.1675 -0.9850
vn -0.3068 0.0790 -0.9485
vn -0.4102 0.0956 -0.9070
vn -0.1439 0.1591 -0.9767
vn 0.1095 0.0725 -0.9913
vn 0.1360 0.0584 -0.9890
vn 0.1706 0.0552 -0.9838
vn 0.4061 -0.0684 -0.9113
vn 0.6006 -0.2226 -0.7679
vn 0.6304 -0.3067 -0.7131
vn 0.2080 -0.3115 0.9272
vn 0.1828 -0.3700 0.9109
vn 0.3716 -0.5421 0.7537
vn 0.6307 -0.6676 0.3955
vn 0.7488 -0.6576 0.0822
vn 0.7002 -0.6607 -0.2707
vn 0.5667 -0.7212 -0.3984
vn 0.6107 -0.7849 -0.1048
vn 0.6870 -0.6953 -0.2112
vn 0.7512 -0.4525 -0.4805
vn 0.7654 -0.2721 -0.5832
vn 0.7549 -0.0187 -0.6556
vn 0.7145 0.0727 -0.6958
vn 0.7697 0.0527 -0.6362
vn 0.8928 -0.1519 -0.4240
vn 0.6344 -0.1748 -0.7530
vn 0.6309 0.0126 -0.7757
vn 0.4338 0.2581 -0.8633
vn 0.2122 0.3600 -0.9085
vn 0.2000 0.3226 -0.9252
vn 0.1120 0.3216 -0.9402
vn -0.1293 0.3212 -0.9381
vn -0.3872 0.2817 -0.8779
vn -0.3731 0.2486 -0.8939
vn -0.0984 0.3653 -0.9257
vn -0.1642 0.5026 -0.8488
vn -0.4455 0.5029 -0.7407
vn -0.5332 0.4689 -0.7041
vn -0.4553 0.5124 -0.7281
vn -0.4666 0.5601 -0.6845
vn 0.6623 0.0564 -0.7471
vn 0.6226 0.3380 -0.7058
vn 0.4390 0.5958 -0.6726
vn 0.2745 0.6971 -0.6624
vn 0.2627 0.7062 -0.6575
vn 0.1765 0.7323 -0.6577
vn -0.1113 0.6747 -0.7297
vn -0.3650 0.5382 -0.7597
vn -0.4328 0.4578 -0.7766
vn -0.3019 0.5501 -0.7786
vn -0.3348 0.6636 -0.6690
vn -0.5230 0.6585 -0.5412
vn -0.5794 0.6606 -0.4773
vn -0.5740 0.7041 -0.4180
vn -0.6257 0.7109 -0.3212
vn 0.6784 0.3042 -0.6687
vn 0.5335 0.5998 -0.5964
vn 0.3456 0.8138 -0.4672
vn 0.2529 0.9160 -0.3113
vn 0.2026 0.9520 -0.2292
vn 0.1752 0.9727 -0.1521
vn 0.0473 0.9615 -0.2706
vn -0.1858 0.8447 -0.5019
vn -0.4096 0.6649 -0.6246
vn -0.5075 0.6770 -0.5330
vn -0.5152 0.7471 -0.4200
vn -0.6148 0.7534 -0.2332
vn -0.6281 0.7699 -0.1133
vn -0.6380 0.7696 -0.0259
vn -0.6196 0.7845 -0.0263
vn 0.6598 0.4312 -0.6154
vn 0.4291 0.6878 -0.5854
vn 0.2307 0.8047 -0.5471
vn 0.0880 0.9060 -0.4141
vn -0.0233 0.9899 0.1397
vn 0.0320 0.7847 0.6190
vn 0.2983 0.8483 0.4375
vn 0.1010 0.9947 -0.0216
vn -0.3577 0.8958 -0.2637
vn -0.6055 0.7708 -0.1978
vn -0.6560 0.7538 -0.0382
vn -0.6513 0.7518 0.1028
vn -0.6253 0.7601 0.1768
vn -0.6068 0.7850 0.1248
vn -0.4733 0.8747 -0.1046
vn 0.6062 0.6186 -0.4998
vn 0.4286 0.8182 -0.3831
vn 0.3698 0.8004 -0.4718
vn -0.0296 0.7839 -0.6201
vn -0.5107 0.7461 -0.4272
vn -0.3052 0.9095 -0.2822
vn 0.2811 0.7369 -0.6148
vn 0.3357 0.9240 -0.1833
vn -0.3364 0.9414 -0.0227
vn -0.6400 0.7678 -0.0289
vn -0.7460 0.6652 0.0326
vn -0.7311 0.6679 0.1394
vn -0.6210 0.7559 0.2074
vn -0.4134 0.8892 0.1961
vn -0.0499 0.9987 0.0085
vn 0.5412 0.7982 -0.2644
vn 0.3224 0.9215 -0.2166
vn 0.5483 0.7770 -0.3093
vn 0.1214 0.8472 -0.5173
vn -0.1810 0.7796 -0.5995
vn -0.3226 0.6793 -0.6591
vn -0.0548 0.7136 -0.6984
vn 0.0164 0.9284 -0.3713
vn -0.3159 0.9371 -0.1486
vn -0.6298 0.7650 -0.1346
vn -0.7987 0.5953 -0.0876
vn -0.7903 0.6120 -0.0301
vn -0.6590 0.7508 -0.0439
vn -0.1768 0.9807 -0.0830
vn 0.2625 0.9477 -0.1816
vn 0.7287 0.6684 0.1491
vn 0.5536 0.8170 -0.1614
vn 0.6040 0.7753 -0.1847
vn 0.2587 0.9657 -0.0231
vn 0.1035 0.9819 -0.1585
vn -0.1600 0.9313 -0.3273
vn -0.2893 0.8796 -0.3776
vn -0.3579 0.9100 -0.2095
vn -0.4342 0.9008 -0.0095
vn -0.6331 0.7650 0.1183
vn -0.7825 0.6114 0.1176
vn -0.7418 0.6700 -0.0282
vn -0.5257 0.8099 -0.2602
vn -0.1247 0.8773 -0.4636
vn 0.2744 0.8553 -0.4394
vn 0.7516 0.4530 0.4794
vn 0.6761 0.6587 0.3302
vn 0.5015 0.8195 0.2774
vn 0.2696 0.8786 0.3941
vn 0.1962 0.9186 0.3429
vn -0.0405 0.9660 0.2552
vn -0.2905 0.9530 0.0859
vn -0.4673 0.8785 0.0999
vn -0.5792 0.7695 0.2690
vn -0.6208 0.6888 0.3744
vn -0.6256 0.7561 0.1921
vn -0.5452 0.8241 -0.1533
vn -0.3412 0.8502 -0.4009
vn -0.0224 0.8598 -0.5101
vn 0.1975 0.8698 -0.4522
vn 0.8592 0.4572 0.2296
vn 0.6009 0.6746 0.4287
vn 0.3369 0.7454 0.5753
vn 0.2784 0.7664 0.5789
vn 0.1890 0.7878 0.5862
vn 0.0267 0.8042 0.5938
vn -0.1671 0.8463 0.5059
vn -0.4528 0.7882 0.4168
vn -0.6454 0.6764 0.3549
vn -0.5090 0.8305 0.2261
vn -0.2947 0.9497 -0.1059
vn -0.2305 0.8716 -0.4327
vn -0.1638 0.8147 -0.5563
vn 0.0455 0.8429 -0.5362
vn 0.0894 0.8917 -0.4438
vn 0.7305 0.6038 0.3190
vn 0.3446 0.7634 0.5463
vn 0.2316 0.7098 0.6652
vn 0.2635 0.6702 0.6939
vn 0.1259 0.6914 0.7114
vn 0.0147 0.6868 0.7267
vn -0.0612 0.7016 0.7099
vn -0.3620 0.7055 0.6092
vn -0.5494 0.7309 0.4049
vn -0.2441 0.9608 0.1315
vn 0.0763 0.9802 -0.1829
vn -0.0288 0.9325 -0.3601
vn -0.1479 0.9018 -0.4061
vn -0.0113 0.9609 -0.2767
vn 0.0406 0.9879 -0.1496
vn 0.5396 0.6269 0.5621
vn 0.1630 0.7972 0.5813
vn 0.1739 0.7583 0.6283
vn 0.2596 0.6938 0.6718
vn 0.1288 0.7539 0.6442
vn 0.0049 0.8016 0.5978
vn -0.0766 0.7626 0.6424
vn -0.2774 0.7329 0.6212
vn -0.2876 0.8474 0.4463
vn 0.0261 0.9798 0.1982
vn 0.2364 0.9703 0.0510
vn 0.0905 0.9952 -0.0363
vn -0.1733 0.9787 -0.1100
vn -0.1329 0.9904 0.0389
vn 0.0276 0.9725 0.2312
vn 0.4971 0.6491 0.5758
vn 0.1349 0.8269 0.5459
vn 0.1536 0.8289 0.5379
vn 0.3234 0.7971 0.5099
vn 0.2613 0.8806 0.3953
vn 0.0149 0.9587 0.2840
vn -0.2264 0.8938 0.3871
vn -0.2673 0.8417 0.4691
vn -0.0022 0.9213 0.3887
vn 0.2022 0.9608 0.1898
vn 0.1698 0.9582 0.2303
vn 0.0975 0.9194 0.3811
vn -0.0453 0.9177 0.3947
vn -0.1950 0.9338 0.2999
vn -0.1475 0.8458 0.5127
vn 0.4603 0.6087 0.6462
vn 0.1531 0.7912 0.5921
vn 0.1697 0.8189 0.5483
vn 0.4264 0.7803 0.4575
vn 0.4432 0.8407 0.3113
vn 0.0653 0.9740 0.2168
vn -0.3654 0.8992 0.2405
vn -0.3248 0.8738 0.3620
vn 0.1317 0.8995 0.4165
vn 0.2881 0.8865 0.3622
vn 0.0573 0.9017 0.4286
vn -0.0181 0.8364 0.5478
vn 0.0693 0.8019 0.5934
vn -0.1061 0.7540 0.6482
vn -0.2629 0.6603 0.7034
vn 0.4541 0.5390 0.7094
vn 0.1947 0.7239 0.6618
vn 0.2165 0.7667 0.6044
vn 0.5132 0.7055 0.4888
vn 0.5660 0.7187 0.4038
vn 0.1197 0.9013 0.4164
vn -0.4163 0.8381 0.3526
vn -0.4281 0.8045 0.4118
vn 0.0216 0.7934 0.6083
vn 0.2262 0.6298 0.7431
vn -0.0317 0.5207 0.8531
vn 0.0057 0.5573 0.8303
vn 0.1136 0.7406 0.6622
vn -0.1598 0.6970 0.6991
vn -0.2978 0.5857 0.7539
vn 0.4848 0.4526 0.7484
vn 0.3175 0.6643 0.6767
vn 0.3383 0.7838 0.5207
vn 0.5580 0.7523 0.3502
vn 0.5731 0.7296 0.3731
vn 0.1160 0.8528 0.5092
vn -0.4125 0.7782 0.4736
vn -0.5127 0.7318 0.4490
vn -0.2468 0.7123 0.6571
vn -0.0468 0.4864 0.8725
vn -0.1131 0.3080 0.9447
vn 0.2116 0.3018 0.9296
vn 0.3043 0.4780 0.8240
vn -0.1218 0.5637 0.8169
vn -0.3063 0.5823 0.7531
vn 0.5008 -0.5181 0.6934
vn 0.4172 -0.6643 0.6202
vn 0.2715 -0.7422 0.6127
vn 0.2703 -0.6627 0.6984
vn 0.4538 -0.4323 0.7792
vn 0.6483 -0.2100 0.7318
vn 0.7955 0.0723 0.6017
vn 0.8179 0.3700 0.4407
vn 0.7371 0.5726 0.3589
vn 0.6131 0.6978 0.3704
vn 0.5319 0.7058 0.4679
vn 0.4557 0.6332 0.6256
vn 0.3898 0.5002 0.7732
vn 0.4113 0.2856 0.8656
vn 0.4716 0.1362 0.8712
vn 0.4501 -0.5649 0.6916
vn 0.3996 -0.5789 0.7108
vn 0.2407 -0.6343 0.7347
vn 0.1439 -0.6419 0.7532
vn 0.1803 -0.5482 0.8167
vn 0.3332 -0.4147 0.8468
vn 0.5156 -0.0889 0.8522
vn 0.5229 0.3378 0.7826
vn 0.4547 0.6083 0.6506
vn 0.4787 0.7033 0.5256
vn 0.5870 0.7006 0.4058
vn 0.6045 0.6805 0.4141
vn 0.6231 0.5331 0.5723
vn 0.6370 0.2462 0.7305
vn 0.6034 0.1218 0.7881
vn 0.1495 -0.6231 0.7677
vn 0.1126 -0.4900 0.8644
vn 0.0441 -0.5304 0.8466
vn 0.0853 -0.6500 0.7551
vn 0.2116 -0.6270 0.7497
vn 0.3221 -0.5280 0.7858
vn 0.4349 -0.1895 0.8803
vn 0.4637 0.2848 0.8390
vn 0.3275 0.5724 0.7517
vn 0.4105 0.5462 0.7301
vn 0.6326 0.5535 0.5416
vn 0.7224 0.6288 0.2877
vn 0.7758 0.5188 0.3592
vn 0.7706 0.2496 0.5864
vn 0.6849 0.2097 0.6978
vn -0.0979 -0.6141 0.7832
vn -0.1010 -0.4131 0.9050
vn -0.0886 -0.5290 0.8440
vn -0.0090 -0.7530 0.6580
vn 0.1262 -0.7259 0.6761
vn 0.2113 -0.5587 0.8020
vn 0.2966 -0.3657 0.8822
vn 0.5116 0.2385 0.8255
vn 0.6164 0.5789 0.5338
vn 0.6773 0.4504 0.5818
vn 0.7017 0.3588 0.6155
vn 0.6590 0.5788 0.4803
vn 0.6502 0.6373 0.4136
vn 0.6796 0.3772 0.6292
vn 0.6506 0.3542 0.6718
vn -0.1637 -0.6211 0.7664
vn -0.1247 -0.4339 0.8923
vn -0.0973 -0.5442 0.8333
vn -0.0979 -0.7466 0.6580
vn -0.1296 -0.6876 0.7145
vn -0.1631 -0.5056 0.8472
vn -0.1394 -0.3867 0.9116
vn 0.0521 -0.0730 0.9960
vn 0.3635 0.3368 0.8686
vn 0.4730 0.5091 0.7191
vn 0.3950 0.5776 0.7144
vn 0.2095 0.7418 0.6371
vn 0.0790 0.7682 0.6353
vn 0.1490 0.3868 0.9100
vn 0.3497 0.3481 0.8698
vn -0.1990 -0.6447 0.7381
vn -0.1460 -0.4712 0.8699
vn -0.1235 -0.5440 0.8299
vn -0.1746 -0.7023 0.6902
vn -0.3208 -0.5888 0.7419
vn -0.4569 -0.3786 0.8049
vn -0.4867 -0.3586 0.7966
vn -0.4096 -0.2637 0.8733
vn -0.2866 0.1093 0.9518
vn -0.2090 0.4976 0.8418
vn -0.2458 0.6462 0.7225
vn -0.3211 0.7441 0.5859
vn -0.3337 0.7011 0.6301
vn -0.2787 0.1920 0.9410
vn -0.1053 0.2480 0.9630
vn -0.3174 -0.6511 0.6895
vn -0.3084 -0.4988 0.8100
vn -0.2844 -0.5300 0.7989
vn -0.2628 -0.6251 0.7350
vn -0.3515 -0.4125 0.8404
vn -0.4722 -0.1766 0.8636
vn -0.5470 -0.3053 0.7794
vn -0.5513 -0.3720 0.7468
vn -0.5373 -0.0644 0.8409
vn -0.4792 0.4225 0.7693
vn -0.4426 0.6581 0.6091
vn -0.4236 0.7068 0.5666
vn -0.3856 0.5603 0.7330
vn -0.3002 0.1097 0.9476
vn -0.3396 0.1281 0.9318
vn -0.3165 -0.6195 0.7184
vn -0.3734 -0.4594 0.8060
vn -0.3770 -0.5375 0.7543
vn -0.3038 -0.6571 0.6898
vn -0.2720 -0.3939 0.8780
vn -0.3134 -0.0650 0.9474
vn -0.4431 -0.1853 0.8771
vn -0.5529 -0.3447 0.7586
vn -0.5888 -0.1503 0.7942
vn -0.4970 0.3358 0.8001
vn -0.2892 0.6832 0.6706
vn -0.2425 0.7553 0.6088
vn -0.2537 0.5289 0.8099
vn -0.2122 0.1592 0.9642
vn -0.3284 0.2554 0.9093
vn -0.0951 -0.6223 0.7770
vn -0.1396 -0.4142 0.8994
vn -0.2291 -0.5271 0.8183
vn -0.2753 -0.6959 0.6632
vn -0.2591 -0.4377 0.8610
vn -0.2226 -0.0001 0.9749
vn -0.3120 -0.0102 0.9500
vn -0.4535 -0.2307 0.8609
vn -0.5170 -0.2348 0.8231
vn -0.4583 0.1566 0.8749
vn -0.2188 0.5641 0.7962
vn 0.0307 0.7340 0.6784
vn 0.0815 0.5066 0.8583
vn -0.0328 0.2515 0.9673
vn -0.2962 0.4912 0.8191
vn 0.0179 -0.6725 0.7399
vn 0.0740 -0.3699 0.9261
vn -0.0223 -0.4241 0.9054
vn -0.1643 -0.6498 0.7421
vn -0.2344 -0.5007 0.8333
vn -0.1881 -0.0271 0.9818
vn -0.1799 0.1111 0.9774
vn -0.2470 -0.1170 0.9619
vn -0.2542 -0.2903 0.9225
vn -0.1729 -0.0268 0.9846
vn -0.0591 0.3909 0.9185
vn 0.0187 0.6379 0.7699
vn 0.0214 0.6275 0.7783
vn -0.1850 0.5033 0.8441
vn -0.3783 0.6300 0.6782
vn -0.1542 -0.7596 0.6318
vn -0.0366 -0.4365 0.8990
vn 0.0377 -0.3419 0.9390
vn 0.0066 -0.5660 0.8244
vn -0.0142 -0.5232 0.8521
vn 0.0451 -0.1105 0.9928
vn 0.0927 0.1261 0.9877
vn 0.0602 -0.0364 0.9975
vn 0.0272 -0.2863 0.9578
vn 0.0414 -0.1283 0.9909
vn 0.0312 0.3859 0.9220
vn -0.0616 0.6809 0.7298
vn -0.1943 0.6983 0.6889
vn -0.2717 0.6467 0.7127
vn -0.2572 0.6574 0.7083
vn -0.2506 -0.8220 0.5114
vn -0.1266 -0.5719 0.8105
vn 0.0524 -0.4267 0.9029
vn 0.1430 -0.5325 0.8343
vn 0.1585 -0.5005 0.8511
vn 0.2126 -0.2224 0.9515
vn 0.2757 0.0720 0.9585
vn 0.2392 0.0801 0.9677
vn 0.0748 -0.1698 0.9826
vn -0.1036 -0.1017 0.9894
vn -0.1439 0.4148 0.8984
vn -0.0811 0.7208 0.6884
vn -0.0350 0.7007 0.7126
vn 0.0206 0.6311 0.7754
vn 0.1130 0.5754 0.8100
vn -0.1322 -0.8718 0.4717
vn -0.0349 -0.7076 0.7057
vn 0.1021 -0.5706 0.8148
vn 0.1512 -0.5370 0.8299
vn 0.1098 -0.4863 0.8669
vn 0.0786 -0.3081 0.9481
vn 0.0599 0.0398 0.9974
vn -0.0371 0.3287 0.9437
vn -0.2639 0.0831 0.9610
vn -0.3457 -0.0721 0.9356
vn -0.2566 0.3308 0.9082
vn -0.0676 0.6548 0.7528
vn 0.0630 0.6115 0.7887
vn 0.1860 0.4995 0.8461
vn 0.2739 0.4563 0.8466
vn -0.0775 -0.8959 0.4374
vn -0.0221 -0.7999 0.5998
vn 0.0536 -0.6845 0.7270
vn 0.0767 -0.5523 0.8301
vn 0.0308 -0.4423 0.8963
vn -0.0843 -0.2664 0.9602
vn -0.2269 0.1113 0.9675
vn -0.2935 0.5072 0.8103
vn -0.3090 0.3773 0.8730
vn -0.3153 -0.1250 0.9407
vn -0.2987 0.1886 0.9355
vn -0.1379 0.5741 0.8071
vn -0.0436 0.5264 0.8491
vn 0.0261 0.4116 0.9110
vn 0.0719 0.4304 0.8998
vn -0.0912 -0.9140 0.3955
vn -0.0463 -0.8640 0.5014
vn 0.0208 -0.7683 0.6398
vn 0.0556 -0.5911 0.8047
vn 0.0191 -0.3748 0.9269
vn -0.1324 -0.0798 0.9880
vn -0.3025 0.2586 0.9174
vn -0.2440 0.5045 0.8282
vn -0.0633 0.2454 0.9673
vn -0.0779 -0.1118 0.9907
vn -0.2027 0.1633 0.9655
vn -0.1848 0.5121 0.8388
vn -0.1481 0.4760 0.8669
vn -0.1541 0.3936 0.9063
vn -0.1757 0.4420 0.8796
vn -0.1282 -0.9656 0.2262
vn -0.1049 -0.9544 0.2795
vn -0.1755 -0.9159 0.3609
vn -0.4126 -0.7603 0.5018
vn -0.6836 -0.3566 0.6369
vn -0.7326 0.1071 0.6721
vn -0.5848 0.2002 0.7861
vn -0.3440 -0.0374 0.9382
vn -0.1917 -0.1029 0.9760
vn -0.1628 0.1509 0.9750
vn -0.1577 0.3731 0.9143
vn -0.1582 0.4183 0.8944
vn -0.1368 0.3992 0.9066
vn -0.1083 0.4926 0.8635
vn -0.1351 0.5931 0.7938
vn -0.1860 -0.9822 0.0256
vn -0.2016 -0.9764 0.0776
vn -0.3837 -0.9163 0.1147
vn -0.6961 -0.7036 0.1429
vn -0.9185 -0.3411 0.2001
vn -0.9271 -0.0690 0.3684
vn -0.7375 -0.1483 0.6589
vn -0.4748 -0.3413 0.8112
vn -0.4128 -0.1774 0.8934
vn -0.3479 0.1744 0.9212
vn -0.2231 0.3539 0.9083
vn -0.1640 0.4609 0.8722
vn -0.2193 0.5812 0.7837
vn -0.2553 0.6173 0.7441
vn -0.1597 0.6397 0.7518
vn -0.2525 -0.9532 -0.1663
vn -0.2612 -0.9558 -0.1351
vn -0.4993 -0.8588 -0.1149
vn -0.7836 -0.6107 -0.1144
vn -0.9039 -0.4268 -0.0292
vn -0.8770 -0.4136 0.2444
vn -0.7105 -0.4746 0.5196
vn -0.6394 -0.4655 0.6119
vn -0.7389 -0.1919 0.6459
vn -0.7172 0.1251 0.6856
vn -0.6056 0.4181 0.6770
vn -0.5140 0.6283 0.5840
vn -0.5556 0.7026 0.4447
vn -0.5009 0.6680 0.5503
vn -0.3390 0.6103 0.7160
vn -0.3145 -0.9345 -0.1670
vn -0.2232 -0.9616 -0.1596
vn -0.4880 -0.8629 -0.1315
vn -0.7667 -0.6362 -0.0855
vn -0.8057 -0.5915 0.0303
vn -0.7120 -0.6646 0.2268
vn -0.6940 -0.6066 0.3878
vn -0.8283 -0.4069 0.3851
vn -0.9543 -0.1107 0.2776
vn -0.9722 0.0637 0.2253
vn -0.8719 0.4156 0.2589
vn -0.7020 0.5682 0.4294
vn -0.5301 0.4328 0.7291
vn -0.5041 0.4843 0.7151
vn -0.4408 0.5078 0.7401
vn -0.3621 -0.9152 0.1769
vn -0.1409 -0.9855 0.0941
vn -0.4167 -0.9034 0.1013
vn -0.7160 -0.6881 0.1181
vn -0.7272 -0.6741 0.1293
vn -0.6525 -0.7437 0.1453
vn -0.7791 -0.6060 0.1605
vn -0.9467 -0.2957 0.1274
vn -0.9991 0.0151 0.0387
vn -0.9955 0.0844 -0.0433
vn -0.9621 0.2671 0.0555
vn -0.8841 0.4033 0.2359
vn -0.7647 0.4533 0.4580
vn -0.6128 0.5096 0.6040
vn -0.5230 0.7158 0.4627
vn -0.3371 -0.8264 0.4510
vn -0.1494 -0.9475 0.2827
vn -0.4586 -0.8586 0.2293
vn -0.7608 -0.6354 0.1317
vn -0.7760 -0.6306 -0.0136
vn -0.7104 -0.6899 -0.1396
vn -0.8095 -0.5479 -0.2109
vn -0.9405 -0.2721 -0.2034
vn -0.9895 0.0227 -0.1424
vn -0.9839 0.1323 -0.1205
vn -0.9782 0.0895 -0.1872
vn -0.9538 0.2286 -0.1951
vn -0.8951 0.4458 -0.0091
vn -0.7259 0.6825 0.0852
vn -0.4934 0.8698 -0.0039
vn -0.4872 -0.8075 0.3324
vn -0.2788 -0.9571 0.0795
vn -0.5975 -0.7989 -0.0690
vn -0.8472 -0.4768 -0.2346
vn -0.8029 -0.4285 -0.4143
vn -0.6940 -0.5111 -0.5070
vn -0.7019 -0.4579 -0.5457
vn -0.7917 -0.3530 -0.4986
vn -0.9250 -0.1288 -0.3574
vn -0.9727 0.0887 -0.2143
vn -0.9736 0.1552 -0.1675
vn -0.9672 0.1861 -0.1732
vn -0.9232 0.3470 -0.1652
vn -0.6657 0.7166 -0.2081
vn -0.3106 0.8764 -0.3681
vn -0.7204 -0.6912 -0.0574
vn -0.3901 -0.8819 -0.2648
vn -0.6125 -0.6616 -0.4326
vn -0.7878 -0.2490 -0.5634
vn -0.7223 -0.1953 -0.6635
vn -0.6248 -0.3681 -0.6886
vn -0.6147 -0.4585 -0.6418
vn -0.6751 -0.4910 -0.5506
vn -0.8285 -0.3457 -0.4405
vn -0.9542 -0.0571 -0.2936
vn -0.9765 0.1275 -0.1735
vn -0.9449 0.2497 -0.2116
vn -0.8060 0.4231 -0.4139
vn -0.3822 0.7226 -0.5760
vn -0.2224 0.7140 -0.6639
vn -0.8024 -0.5075 -0.3141
vn -0.4762 -0.7745 -0.4163
vn -0.6077 -0.5573 -0.5658
vn -0.7651 -0.1113 -0.6342
vn -0.7317 -0.0975 -0.6746
vn -0.6513 -0.3861 -0.6532
vn -0.6239 -0.5682 -0.5365
vn -0.6549 -0.6175 -0.4357
vn -0.7690 -0.4697 -0.4335
vn -0.8784 -0.1755 -0.4446
vn -0.9058 0.0627 -0.4189
vn -0.8178 0.3550 -0.4529
vn -0.5206 0.5927 -0.6146
vn -0.3062 0.7417 -0.5968
vn -0.3994 0.7815 -0.4793
vn -0.8521 -0.4837 -0.1997
vn -0.6652 -0.7077 -0.2380
vn -0.7770 -0.4852 -0.4010
vn -0.8896 -0.0139 -0.4565
vn -0.8810 -0.0736 -0.4674
vn -0.7520 -0.5010 -0.4284
vn -0.6270 -0.7104 -0.3199
vn -0.6735 -0.6673 -0.3180
vn -0.7711 -0.4309 -0.4687
vn -0.7799 -0.1569 -0.6059
vn -0.7443 0.0413 -0.6666
vn -0.6404 0.3819 -0.6664
vn -0.4264 0.7066 -0.5647
vn -0.5098 0.7940 -0.3311
vn -0.4914 0.8164 -0.3033
vn -0.8306 -0.5552 0.0432
vn -0.7682 -0.6372 0.0611
vn -0.9152 -0.3972 -0.0676
vn -0.9885 0.0125 -0.1505
vn -0.9813 -0.0759 -0.1771
vn -0.8262 -0.5394 -0.1625
vn -0.6619 -0.7355 -0.1448
vn -0.7349 -0.6370 -0.2326
vn -0.8399 -0.3404 -0.4227
vn -0.8180 -0.0799 -0.5697
vn -0.7611 0.0703 -0.6448
vn -0.6817 0.3083 -0.6635
vn -0.5888 0.6283 -0.5085
vn -0.4779 0.7682 -0.4260
vn -0.2620 0.8297 -0.4929
vn -0.7367 -0.6696 0.0946
vn -0.8577 -0.5124 0.0426
vn -0.9659 -0.2495 -0.0685
vn -0.9960 0.0192 -0.0868
vn -0.9947 -0.0992 -0.0268
vn -0.8530 -0.5219 0.0016
vn -0.7203 -0.6927 -0.0377
vn -0.8241 -0.5503 -0.1343
vn -0.9481 -0.1930 -0.2528
vn -0.9320 0.0507 -0.3588
vn -0.8691 0.1739 -0.4630
vn -0.7284 0.3976 -0.5580
vn -0.5307 0.5738 -0.6238
vn -0.3335 0.7045 -0.6264
vn -0.1990 0.8172 -0.5410
vn -0.7685 -0.6283 -0.1211
vn -0.8757 -0.3938 -0.2794
vn -0.9049 -0.1954 -0.3780
vn -0.9456 -0.0836 -0.3145
vn -0.9656 -0.2144 -0.1472
vn -0.8419 -0.5325 -0.0878
vn -0.7320 -0.6598 -0.1700
vn -0.8118 -0.5147 -0.2760
vn -0.9260 -0.1461 -0.3480
vn -0.9034 0.1514 -0.4012
vn -0.8080 0.2996 -0.5073
vn -0.6356 0.4931 -0.5940
vn -0.4504 0.6339 -0.6287
vn -0.3596 0.7123 -0.6028
vn -0.3877 0.8008 -0.4566
vn -0.7582 -0.4481 -0.4737
vn -0.7559 -0.1851 -0.6280
vn -0.6949 -0.1247 -0.7082
vn -0.6966 -0.1991 -0.6893
vn -0.7163 -0.3370 -0.6111
vn -0.6353 -0.5174 -0.5733
vn -0.5437 -0.6071 -0.5795
vn -0.5914 -0.5146 -0.6209
vn -0.7249 -0.1774 -0.6656
vn -0.7331 0.2032 -0.6490
vn -0.6177 0.4220 -0.6636
vn -0.4536 0.5616 -0.6920
vn -0.3757 0.6274 -0.6821
vn -0.4411 0.6471 -0.6219
vn -0.5711 0.6671 -0.4784
vn -0.6370 -0.1781 -0.7500
vn -0.5593 -0.0042 -0.8290
vn -0.4808 -0.0648 -0.8744
vn -0.4309 -0.2259 -0.8737
vn -0.4032 -0.3175 -0.8583
vn -0.3623 -0.4167 -0.8337
vn -0.3459 -0.5559 -0.7559
vn -0.4332 -0.5639 -0.7031
vn -0.6289 -0.3066 -0.7145
vn -0.7278 0.1713 -0.6641
vn -0.6065 0.5296 -0.5930
vn -0.4599 0.6518 -0.6030
vn -0.4392 0.6233 -0.6470
vn -0.5068 0.5576 -0.6574
vn -0.5903 0.5140 -0.6224
vn -0.4860 -0.6419 -0.5930
vn -0.2680 -0.6680 -0.6942
vn -0.0663 -0.6060 -0.7927
vn -0.1254 -0.5224 -0.8434
vn -0.3564 -0.4426 -0.8229
vn -0.4642 -0.4085 -0.7859
vn -0.2837 -0.4931 -0.8224
vn 0.0786 -0.5998 -0.7963
vn 0.3274 -0.6577 -0.6784
vn 0.4283 -0.7616 -0.4864
vn 0.4398 -0.8187 -0.3693
vn 0.2671 -0.9036 -0.3350
vn 0.0659 -0.8708 -0.4872
vn 0.2126 -0.7271 -0.6528
vn 0.6456 -0.3910 -0.6560
vn -0.6218 -0.6788 -0.3905
vn -0.4937 -0.6026 -0.6270
vn -0.2558 -0.5048 -0.8245
vn -0.1820 -0.4137 -0.8920
vn -0.3193 -0.3696 -0.8726
vn -0.3942 -0.4203 -0.8173
vn -0.1733 -0.5770 -0.7981
vn 0.1927 -0.6650 -0.7215
vn 0.4132 -0.6552 -0.6324
vn 0.4944 -0.6252 -0.6038
vn 0.4773 -0.6245 -0.6182
vn 0.2132 -0.7105 -0.6707
vn -0.0863 -0.6574 -0.7486
vn 0.0704 -0.5312 -0.8443
vn 0.5238 -0.2180 -0.8235
vn -0.7944 -0.5593 -0.2368
vn -0.7271 -0.4706 -0.4999
vn -0.4516 -0.5627 -0.6924
vn -0.2269 -0.6575 -0.7185
vn -0.3094 -0.6816 -0.6631
vn -0.3473 -0.7310 -0.5873
vn -0.0573 -0.8457 -0.5305
vn 0.2804 -0.8570 -0.4324
vn 0.3803 -0.8300 -0.4080
vn 0.3514 -0.6813 -0.6422
vn 0.3182 -0.5182 -0.7939
vn 0.0987 -0.4763 -0.8737
vn -0.1069 -0.5199 -0.8475
vn 0.1035 -0.4962 -0.8620
vn 0.5274 -0.2302 -0.8179
vn -0.8928 -0.3917 -0.2225
vn -0.8349 -0.4057 -0.3719
vn -0.5260 -0.7328 -0.4317
vn -0.1804 -0.9235 -0.3384
vn -0.2375 -0.9517 -0.1947
vn -0.2820 -0.9533 -0.1085
vn 0.0250 -0.9981 -0.0558
vn 0.3019 -0.9533 -0.0007
vn 0.2246 -0.9738 -0.0343
vn 0.0456 -0.8850 -0.4633
vn 0.0602 -0.6834 -0.7275
vn 0.0367 -0.5334 -0.8451
vn -0.0132 -0.5964 -0.8026
vn 0.2438 -0.6070 -0.7564
vn 0.6237 -0.3542 -0.6968
vn -0.9300 -0.2694 -0.2502
vn -0.8277 -0.5211 -0.2083
vn -0.4523 -0.8808 -0.1397
vn -0.0337 -0.9978 -0.0577
vn -0.0611 -0.9969 0.0486
vn -0.1326 -0.9755 0.1754
vn 0.0885 -0.9681 0.2344
vn 0.2437 -0.9500 0.1951
vn -0.0412 -0.9947 0.0942
vn -0.3853 -0.9059 -0.1757
vn -0.2890 -0.8543 -0.4321
vn -0.0431 -0.7859 -0.6168
vn 0.2058 -0.7603 -0.6161
vn 0.4786 -0.7051 -0.5233
vn 0.6897 -0.5321 -0.4911
vn -0.9156 -0.3606 -0.1782
vn -0.7559 -0.6543 0.0218
vn -0.4162 -0.8989 0.1371
vn -0.0429 -0.9926 0.1135
vn 0.0260 -0.9912 0.1297
vn -0.0365 -0.9792 0.1997
vn 0.0398 -0.9911 0.1269
vn 0.1291 -0.9864 -0.1014
vn -0.1062 -0.9667 -0.2328
vn -0.4312 -0.8924 -0.1329
vn -0.3794 -0.9164 -0.1278
vn -0.0720 -0.9717 -0.2251
vn 0.3080 -0.9000 -0.3084
vn 0.5670 -0.7635 -0.3091
vn 0.6816 -0.6392 -0.3561
vn -0.8060 -0.5907 -0.0372
vn -0.5561 -0.8232 0.1141
vn -0.3825 -0.9005 0.2071
vn -0.0886 -0.9734 0.2112
vn 0.0797 -0.9768 0.1989
vn -0.0828 -0.9858 0.1461
vn -0.3064 -0.9499 -0.0614
vn -0.1996 -0.9197 -0.3380
vn -0.0428 -0.9055 -0.4222
vn -0.1862 -0.9746 -0.1242
vn -0.3367 -0.9400 0.0554
vn -0.1861 -0.9775 0.0989
vn 0.2684 -0.9630 -0.0267
vn 0.5611 -0.8255 -0.0614
vn 0.6441 -0.7590 -0.0946
vn -0.7640 -0.6017 0.2329
vn -0.5258 -0.8209 0.2228
vn -0.3591 -0.9084 0.2142
vn -0.0941 -0.9743 0.2045
vn 0.0309 -0.9906 0.1335
vn -0.1979 -0.9801 0.0186
vn -0.4500 -0.8875 -0.0990
vn -0.2676 -0.9492 -0.1655
vn 0.0428 -0.9859 -0.1620
vn 0.0066 -0.9999 -0.0087
vn -0.2176 -0.9659 0.1405
vn -0.2395 -0.9412 0.2381
vn 0.2024 -0.9690 0.1414
vn 0.5064 -0.8614 0.0401
vn 0.6059 -0.7945 -0.0402
vn -0.6967 -0.4913 0.5227
vn -0.5074 -0.7039 0.4970
vn -0.3347 -0.8240 0.4572
vn -0.1498 -0.9093 0.3882
vn -0.1051 -0.9630 0.2481
vn -0.2954 -0.9464 0.1304
vn -0.4479 -0.8784 0.1667
vn -0.2357 -0.9321 0.2749
vn 0.0316 -0.9511 0.3073
vn 0.0328 -0.9858 0.1646
vn -0.1168 -0.9817 0.1503
vn -0.2395 -0.9496 0.2025
vn 0.0057 -0.9930 0.1181
vn 0.2833 -0.9476 -0.1478
vn 0.4846 -0.7736 -0.4084
vn -0.6302 -0.4382 0.6409
vn -0.4284 -0.5713 0.7001
vn -0.2659 -0.6364 0.7241
vn -0.1944 -0.6769 0.7099
vn -0.2390 -0.7329 0.6370
vn -0.3286 -0.7686 0.5489
vn -0.3334 -0.7674 0.5476
vn -0.1704 -0.7825 0.5989
vn -0.1194 -0.8161 0.5654
vn -0.1757 -0.9505 0.2564
vn -0.1489 -0.9842 0.0958
vn -0.1940 -0.9794 0.0557
vn -0.1694 -0.9842 0.0510
vn 0.0797 -0.9884 -0.1295
vn 0.4488 -0.8521 -0.2693
vn -0.6099 -0.6341 0.4753
vn -0.3411 -0.7012 0.6260
vn -0.1540 -0.6704 0.7259
vn -0.1487 -0.5793 0.8014
vn -0.2917 -0.5070 0.8111
vn -0.3819 -0.5445 0.7468
vn -0.3569 -0.6583 0.6628
vn -0.2258 -0.7791 0.5848
vn -0.2587 -0.8302 0.4938
vn -0.3754 -0.8650 0.3330
vn -0.2439 -0.9403 0.2376
vn -0.1906 -0.9651 0.1796
vn -0.2091 -0.9594 0.1894
vn -0.0345 -0.9805 0.1935
vn 0.3728 -0.9145 0.1572
vn -0.4781 -0.8641 0.1575
vn -0.2147 -0.9154 0.3404
vn -0.0201 -0.8830 0.4690
vn -0.0742 -0.8191 0.5688
vn -0.3577 -0.7285 0.5842
vn -0.5574 -0.6493 0.5175
vn -0.5473 -0.7361 0.3983
vn -0.3649 -0.8896 0.2746
vn -0.2628 -0.9340 0.2419
vn -0.3632 -0.8288 0.4257
vn -0.3034 -0.8201 0.4852
vn -0.2271 -0.8516 0.4724
vn -0.2264 -0.8742 0.4295
vn -0.0947 -0.8896 0.4469
vn 0.2442 -0.8522 0.4628
vn -0.2920 -0.9540 0.0671
vn -0.1092 -0.9776 0.1802
vn 0.0280 -0.9811 0.1916
vn -0.0483 -0.9846 0.1681
vn -0.3631 -0.9188 0.1546
vn -0.6031 -0.7875 0.1274
vn -0.6275 -0.7737 0.0867
vn -0.4063 -0.9124 0.0497
vn -0.1297 -0.9887 0.0750
vn -0.1545 -0.9182 0.3647
vn -0.2584 -0.8234 0.5052
vn -0.2544 -0.7867 0.5625
vn -0.2294 -0.7793 0.5832
vn -0.1235 -0.7480 0.6522
vn 0.1072 -0.6652 0.7390
vn -0.1676 -0.9809 0.0991
vn -0.0802 -0.9868 0.1406
vn -0.0217 -0.9935 0.1120
vn -0.0920 -0.9948 0.0432
vn -0.3239 -0.9459 0.0165
vn -0.5478 -0.8319 0.0888
vn -0.6275 -0.7441 0.2291
vn -0.4251 -0.8247 0.3731
vn -0.0639 -0.9072 0.4158
vn 0.0068 -0.9172 0.3983
vn -0.1620 -0.8820 0.4425
vn -0.2238 -0.8427 0.4896
vn -0.1728 -0.7814 0.5996
vn -0.0540 -0.6732 0.7375
vn 0.0972 -0.4973 0.8621
vn -0.1110 -0.9783 0.1749
vn -0.0820 -0.9798 0.1822
vn -0.0800 -0.9855 0.1497
vn -0.1616 -0.9837 0.0789
vn -0.2834 -0.9574 0.0553
vn -0.3905 -0.8994 0.1965
vn -0.4652 -0.7496 0.4709
vn -0.3899 -0.6246 0.6766
vn -0.1545 -0.6631 0.7324
vn -0.0597 -0.8208 0.5681
vn -0.1465 -0.8539 0.4993
vn -0.1630 -0.8529 0.4960
vn -0.0504 -0.7837 0.6192
vn 0.1233 -0.6349 0.7627
vn 0.2348 -0.4178 0.8777
vn 0.9450 -0.2574 -0.2016
vn 0.8960 -0.4430 -0.0311
vn 0.8518 -0.5232 -0.0275
vn 0.8397 -0.4908 -0.2325
vn 0.8310 -0.3128 -0.4599
vn 0.8695 0.0512 -0.4912
vn 0.8884 0.3581 -0.2873
vn 0.9184 0.3753 -0.1252
vn 0.8745 0.4769 -0.0883
vn 0.7631 0.6274 -0.1552
vn 0.8587 0.3950 -0.3265
vn 0.9022 -0.0621 -0.4268
vn 0.7821 -0.3052 -0.5433
vn 0.6036 -0.3403 -0.7210
vn 0.5222 -0.3383 -0.7828
vn 0.8604 -0.0304 -0.5087
vn 0.8872 -0.3040 -0.3472
vn 0.8272 -0.5381 -0.1617
vn 0.7890 -0.6056 -0.1034
vn 0.8662 -0.4395 -0.2376
vn 0.9149 0.0532 -0.4002
vn 0.7793 0.4575 -0.4282
vn 0.7646 0.4034 -0.5028
vn 0.6570 0.4161 -0.6287
vn 0.4289 0.5207 -0.7382
vn 0.4004 0.2977 -0.8666
vn 0.4244 -0.1470 -0.8934
vn 0.4173 -0.3538 -0.8371
vn 0.4576 -0.3419 -0.8208
vn 0.5372 -0.2661 -0.8004
vn 0.7280 0.1205 -0.6749
vn 0.7404 -0.0930 -0.6657
vn 0.7707 -0.3678 -0.5203
vn 0.7643 -0.5583 -0.3225
vn 0.7801 -0.5589 -0.2812
vn 0.8414 -0.1986 -0.5026
vn 0.6494 0.2730 -0.7097
vn 0.5004 0.2738 -0.8214
vn 0.3837 0.1764 -0.9064
vn 0.2448 0.2329 -0.9412
vn 0.1711 0.1254 -0.9772
vn 0.2337 -0.1376 -0.9625
vn 0.3551 -0.2478 -0.9014
vn 0.5001 -0.1943 -0.8439
vn 0.6509 -0.0973 -0.7529
vn 0.7125 0.1078 -0.6933
vn 0.6335 -0.0043 -0.7737
vn 0.6375 -0.1249 -0.7603
vn 0.6402 -0.3240 -0.6965
vn 0.5822 -0.5442 -0.6041
vn 0.5598 -0.4568 -0.6913
vn 0.5486 -0.0396 -0.8352
vn 0.4308 0.1393 -0.8916
vn 0.3990 0.0827 -0.9132
vn 0.3770 0.1427 -0.9151
vn 0.3660 0.0740 -0.9277
vn 0.4718 -0.0769 -0.8783
vn 0.6636 -0.0474 -0.7466
vn 0.7578 0.0092 -0.6524
vn 0.7812 0.0552 -0.6218
vn 0.7214 -0.0589 -0.6900
vn 0.6183 -0.0723 -0.7826
vn 0.5353 -0.0771 -0.8411
vn 0.4237 -0.1842 -0.8869
vn 0.3533 -0.3604 -0.8633
vn 0.4719 -0.3854 -0.7930
vn 0.6080 -0.1689 -0.7757
vn 0.6385 0.0970 -0.7635
vn 0.6566 0.1512 -0.7389
vn 0.6900 0.2090 -0.6929
vn 0.7178 0.0667 -0.6930
vn 0.7255 0.2041 -0.6572
vn 0.7743 0.3717 -0.5121
vn 0.8967 0.0224 -0.4420
vn 0.8450 0.0455 -0.5328
vn 0.7543 -0.2284 -0.6155
vn 0.6663 -0.1644 -0.7274
vn 0.5848 -0.1960 -0.7872
vn 0.5488 -0.2556 -0.7959
vn 0.6062 -0.3472 -0.7155
vn 0.7890 -0.2961 -0.5384
vn 0.9197 -0.0774 -0.3849
vn 0.9428 0.1239 -0.3094
vn 0.9341 0.2602 -0.2444
vn 0.9413 0.2811 -0.1869
vn 0.9701 0.0225 -0.2415
vn 0.8725 0.1945 -0.4483
vn 0.7028 0.3287 -0.6309
vn 0.7922 0.0173 -0.6100
vn 0.9105 0.1125 -0.3980
vn 0.7127 -0.5531 -0.4315
vn 0.6971 -0.3820 -0.6067
vn 0.7082 -0.2586 -0.6570
vn 0.7957 -0.1578 -0.5847
vn 0.9048 -0.1371 -0.4031
vn 0.9840 -0.0436 -0.1726
vn 0.9942 0.1018 0.0338
vn 0.9653 0.2018 0.1655
vn 0.9297 0.3063 0.2046
vn 0.9752 0.1817 0.1267
vn 0.9903 -0.1384 -0.0154
vn 0.9649 -0.1620 -0.2067
vn 0.9051 0.1447 -0.3998
vn 0.8986 0.2982 -0.3218
vn 0.8392 0.5438 -0.0066
vn 0.6232 -0.7351 -0.2669
vn 0.7231 -0.5475 -0.4212
vn 0.7827 -0.3491 -0.5152
vn 0.8512 -0.0778 -0.5191
vn 0.9126 0.0350 -0.4073
vn 0.9653 0.1713 -0.1972
vn 0.9507 0.3009 0.0752
vn 0.9246 0.2816 0.2566
vn 0.9552 0.1968 0.2210
vn 0.9993 0.0190 0.0323
vn 0.9823 -0.1783 -0.0575
vn 0.9908 -0.1240 0.0547
vn 0.9511 0.2164 0.2205
vn 0.8468 0.4052 0.3445
vn 0.6664 0.6091 0.4300
vn 0.6221 -0.7428 -0.2476
vn 0.7315 -0.6597 -0.1722
vn 0.8305 -0.5025 -0.2404
vn 0.9344 -0.1272 -0.3327
vn 0.9296 0.1548 -0.3345
vn 0.9103 0.3553 -0.2125
vn 0.8820 0.4701 -0.0328
vn 0.9466 0.3189 0.0483
vn 0.9991 0.0382 -0.0189
vn 0.9892 -0.0955 -0.1112
vn 0.9988 -0.0441 0.0199
vn 0.9490 0.0774 0.3056
vn 0.7992 0.3143 0.5124
vn 0.7026 0.4045 0.5855
vn 0.6731 0.5404 0.5048
vn 0.7828 -0.6146 -0.0978
vn 0.7531 -0.6540 0.0709
vn 0.7954 -0.6004 0.0829
vn 0.9718 -0.2356 0.0112
vn 0.9781 0.2070 -0.0212
vn 0.8867 0.4614 0.0298
vn 0.8797 0.4755 0.0045
vn 0.9562 0.2661 -0.1216
vn 0.9850 -0.0259 -0.1707
vn 0.9989 0.0124 -0.0449
vn 0.9477 0.2395 0.2110
vn 0.8095 0.3331 0.4835
vn 0.6632 0.4087 0.6270
vn 0.6594 0.3770 0.6504
vn 0.8070 0.2891 0.5149
vn 0.8663 -0.4957 0.0614
vn 0.7995 -0.5875 0.1247
vn 0.7732 -0.6025 0.1978
vn 0.9297 -0.2942 0.2215
vn 0.9597 0.2165 0.1794
vn 0.8678 0.4823 0.1192
vn 0.9322 0.3597 0.0406
vn 0.9805 0.1839 -0.0688
vn 0.9972 0.0516 -0.0543
vn 0.9713 0.2138 0.1039
vn 0.8296 0.4774 0.2896
vn 0.7406 0.5204 0.4252
vn 0.7574 0.5219 0.3924
vn 0.8397 0.4137 0.3519
vn 0.9216 0.1956 0.3352
vn 0.8192 -0.5018 0.2778
vn 0.8084 -0.5431 0.2272
vn 0.7902 -0.5470 0.2764
vn 0.8929 -0.3137 0.3230
vn 0.9653 0.1309 0.2258
vn 0.9203 0.3903 0.0282
vn 0.9410 0.3373 -0.0268
vn 0.9768 0.2052 0.0617
vn 0.9720 0.1634 0.1691
vn 0.8710 0.3962 0.2904
vn 0.7068 0.5861 0.3961
vn 0.7585 0.5244 0.3868
vn 0.8340 0.4906 0.2525
vn 0.8984 0.4041 0.1722
vn 0.9373 0.2418 0.2511
vn 0.5516 -0.4863 0.6776
vn 0.6266 -0.5294 0.5720
vn 0.6892 -0.4948 0.5294
vn 0.7828 -0.3211 0.5330
vn 0.8777 -0.0138 0.4790
vn 0.8910 0.3016 0.3393
vn 0.8704 0.4084 0.2750
vn 0.8873 0.3148 0.3372
vn 0.8862 0.2377 0.3976
vn 0.7591 0.5027 0.4136
vn 0.6393 0.6282 0.4435
vn 0.7620 0.4440 0.4714
vn 0.7933 0.4099 0.4501
vn 0.7948 0.3949 0.4608
vn 0.8016 0.2982 0.5182
vn 0.1989 -0.4144 0.8881
vn 0.2793 -0.5129 0.8118
vn 0.4372 -0.4908 0.7536
vn 0.5776 -0.3056 0.7569
vn 0.6333 -0.0425 0.7727
vn 0.6455 0.2179 0.7320
vn 0.6922 0.3689 0.6203
vn 0.7587 0.3199 0.5675
vn 0.7568 0.2952 0.5832
vn 0.6421 0.5366 0.5474
vn 0.5847 0.6328 0.5076
vn 0.6781 0.4453 0.5847
vn 0.6995 0.3740 0.6090
vn 0.6813 0.4057 0.6093
vn 0.6934 0.3275 0.6418
vn 0.0999 -0.4244 0.9000
vn 0.0715 -0.5653 0.8218
vn 0.2250 -0.5957 0.7711
vn 0.4919 -0.3775 0.7845
vn 0.5995 -0.0086 0.8004
vn 0.7326 0.1608 0.6614
vn 0.7747 0.2803 0.5668
vn 0.7614 0.3324 0.5565
vn 0.6782 0.3919 0.6216
vn 0.5263 0.5638 0.6365
vn 0.4713 0.6069 0.6399
vn 0.5431 0.4500 0.7089
vn 0.5562 0.3587 0.7497
vn 0.5349 0.3818 0.7538
vn 0.5874 0.3051 0.7496
vn -0.5431 -0.0221 -0.8394
vn -0.6254 0.0346 -0.7795
vn -0.6644 -0.0821 -0.7429
vn -0.6460 -0.2059 -0.7350
vn -0.6275 -0.3131 -0.7129
vn -0.6228 -0.4923 -0.6081
vn -0.5801 -0.6732 -0.4585
vn -0.6025 -0.5802 -0.5481
vn -0.6332 -0.2997 -0.7136
vn -0.6465 -0.1305 -0.7517
vn -0.6697 0.4490 -0.5915
vn -0.5179 0.7731 -0.3661
vn -0.4740 0.7512 -0.4594
vn -0.4038 0.6666 -0.6265
vn -0.3448 0.5133 -0.7859
vn -0.4822 -0.2756 -0.8316
vn -0.6743 -0.0714 -0.7350
vn -0.7217 -0.0638 -0.6893
vn -0.6956 -0.1580 -0.7009
vn -0.6864 -0.3557 -0.6343
vn -0.6704 -0.5582 -0.4888
vn -0.6049 -0.6657 -0.4370
vn -0.6631 -0.4737 -0.5795
vn -0.7183 -0.2604 -0.6452
vn -0.6953 -0.0829 -0.7140
vn -0.6049 0.4075 -0.6841
vn -0.4562 0.7819 -0.4250
vn -0.4478 0.8033 -0.3927
vn -0.4322 0.7304 -0.5289
vn -0.4341 0.5351 -0.7247
vn -0.2993 -0.6009 -0.7412
vn -0.5567 -0.2964 -0.7761
vn -0.6302 -0.0635 -0.7738
vn -0.6299 -0.1291 -0.7659
vn -0.6194 -0.4115 -0.6686
vn -0.5589 -0.6006 -0.5718
vn -0.4388 -0.5975 -0.6711
vn -0.3187 -0.4557 -0.8311
vn -0.3008 -0.2427 -0.9223
vn -0.2339 0.0375 -0.9715
vn -0.1335 0.4349 -0.8905
vn -0.1724 0.7176 -0.6747
vn -0.2609 0.8244 -0.5024
vn -0.3461 0.7513 -0.5619
vn -0.4455 0.5023 -0.7411
vn -0.1996 -0.7892 -0.5808
vn -0.3839 -0.5034 -0.7741
vn -0.4591 -0.1096 -0.8816
vn -0.4901 -0.1394 -0.8604
vn -0.4778 -0.4334 -0.7641
vn -0.3621 -0.5420 -0.7584
vn -0.1469 -0.3769 -0.9145
vn 0.1482 -0.1924 -0.9701
vn 0.3704 -0.0695 -0.9263
vn 0.4649 0.0870 -0.8811
vn 0.4379 0.2349 -0.8678
vn 0.3187 0.4816 -0.8164
vn 0.1888 0.6881 -0.7006
vn 0.0183 0.6529 -0.7572
vn -0.1866 0.4129 -0.8915
vn -0.2639 -0.8038 -0.5331
vn -0.2724 -0.5988 -0.7532
vn -0.3215 -0.1818 -0.9293
vn -0.3865 -0.1832 -0.9039
vn -0.3808 -0.3979 -0.8347
vn -0.2617 -0.3932 -0.8814
vn -0.0650 -0.1054 -0.9923
vn 0.1693 0.1468 -0.9746
vn 0.3936 0.2299 -0.8901
vn 0.5561 0.2379 -0.7963
vn 0.6258 0.1131 -0.7718
vn 0.5969 0.2062 -0.7754
vn 0.4978 0.4031 -0.7679
vn 0.3486 0.4119 -0.8419
vn 0.1724 0.2649 -0.9487
vn -0.3232 -0.7246 -0.6086
vn -0.2777 -0.6299 -0.7254
vn -0.3714 -0.2987 -0.8791
vn -0.4692 -0.2369 -0.8507
vn -0.4506 -0.2962 -0.8422
vn -0.2886 -0.1988 -0.9366
vn -0.1215 0.0734 -0.9899
vn -0.0141 0.3297 -0.9440
vn 0.1277 0.5086 -0.8515
vn 0.3345 0.5223 -0.7844
vn 0.5008 0.2415 -0.8312
vn 0.5526 0.0790 -0.8297
vn 0.4702 0.1798 -0.8640
vn 0.3024 0.2073 -0.9304
vn 0.1496 0.1349 -0.9795
vn -0.3317 -0.6743 -0.6598
vn -0.4004 -0.6681 -0.6272
vn -0.5554 -0.4345 -0.7091
vn -0.6373 -0.2626 -0.7245
vn -0.5861 -0.1173 -0.8017
vn -0.3701 0.0626 -0.9269
vn -0.1345 0.2225 -0.9656
vn -0.0403 0.3683 -0.9288
vn -0.0380 0.5961 -0.8020
vn 0.0120 0.7026 -0.7115
vn 0.1183 0.4195 -0.9000
vn 0.1948 0.0723 -0.9782
vn 0.1327 -0.0106 -0.9911
vn -0.0633 0.0021 -0.9980
vn -0.2270 0.0127 -0.9738
vn -0.2653 -0.7567 -0.5975
vn -0.4288 -0.7534 -0.4986
vn -0.5628 -0.5570 -0.6108
vn -0.5956 -0.2733 -0.7554
vn -0.5307 0.0255 -0.8472
vn -0.3935 0.2780 -0.8763
vn -0.2210 0.3664 -0.9038
vn -0.1323 0.3745 -0.9177
vn -0.1600 0.5585 -0.8139
vn -0.2399 0.6896 -0.6833
vn -0.2962 0.4836 -0.8236
vn -0.2636 0.1124 -0.9581
vn -0.2466 -0.1092 -0.9630
vn -0.3187 -0.1350 -0.9382
vn -0.3945 -0.0475 -0.9177
vn -0.1219 -0.8806 -0.4579
vn -0.2737 -0.8593 -0.4322
vn -0.3207 -0.6618 -0.6777
vn -0.2571 -0.2768 -0.9259
vn -0.1737 0.0934 -0.9804
vn -0.1454 0.3594 -0.9218
vn -0.1439 0.4547 -0.8789
vn -0.1395 0.3895 -0.9104
vn -0.1832 0.4847 -0.8553
vn -0.3194 0.5970 -0.7359
vn -0.4774 0.4381 -0.7617
vn -0.5051 0.1382 -0.8519
vn -0.4054 -0.0863 -0.9100
vn -0.2540 -0.1414 -0.9568
vn -0.1582 -0.0457 -0.9863
vn 0.0206 -0.9671 -0.2537
vn -0.0553 -0.9147 -0.4002
vn -0.0109 -0.6361 -0.7716
vn 0.0691 -0.1542 -0.9856
vn 0.0857 0.1252 -0.9884
vn 0.0081 0.3087 -0.9511
vn -0.0811 0.4303 -0.8991
vn -0.1393 0.3565 -0.9239
vn -0.2092 0.3673 -0.9063
vn -0.3260 0.3908 -0.8608
vn -0.4609 0.2697 -0.8455
vn -0.4987 0.1913 -0.8454
vn -0.3809 0.1870 -0.9055
vn -0.1196 0.1149 -0.9861
vn 0.0856 0.0187 -0.9962
vn 0.1586 -0.9741 -0.1614
vn 0.1632 -0.9122 -0.3759
vn 0.2354 -0.6084 -0.7580
vn 0.2253 -0.1581 -0.9614
vn 0.1185 0.0403 -0.9921
vn -0.0094 0.2029 -0.9791
vn -0.1199 0.3559 -0.9268
vn -0.1386 0.3788 -0.9151
vn -0.0485 0.4119 -0.9099
vn -0.0643 0.3253 -0.9434
vn -0.1582 0.2294 -0.9604
vn -0.1556 0.2944 -0.9429
vn -0.0677 0.3942 -0.9165
vn 0.0510 0.2900 -0.9557
vn 0.1228 0.0651 -0.9903
vn 0.2538 -0.9619 -0.1013
vn 0.3518 -0.8771 -0.3269
vn 0.4969 -0.5659 -0.6580
vn 0.5390 -0.1912 -0.8203
vn 0.5035 -0.0533 -0.8624
vn 0.4175 0.1109 -0.9019
vn 0.2807 0.3047 -0.9101
vn 0.1729 0.4556 -0.8732
vn 0.1939 0.5343 -0.8228
vn 0.2227 0.2586 -0.9400
vn 0.2159 0.2068 -0.9543
vn 0.3042 0.3833 -0.8721
vn 0.3869 0.4659 -0.7958
vn 0.3643 0.3308 -0.8705
vn 0.2404 0.0345 -0.9701
vn 0.3556 -0.9279 -0.1120
vn 0.5702 -0.7648 -0.2998
vn 0.7754 -0.3677 -0.5133
vn 0.8567 -0.0482 -0.5135
vn 0.8903 -0.0584 -0.4516
vn 0.8568 -0.0425 -0.5139
vn 0.7413 0.0187 -0.6709
vn 0.5005 0.2493 -0.8291
vn 0.2011 0.4275 -0.8814
vn 0.1080 0.3961 -0.9118
vn 0.3832 0.3758 -0.8438
vn 0.5422 0.5259 -0.6553
vn 0.6225 0.4760 -0.6213
vn 0.6304 0.2095 -0.7475
vn 0.4792 -0.1261 -0.8686
vn 0.5433 -0.8314 -0.1164
vn 0.7596 -0.6067 -0.2342
vn 0.9082 -0.1777 -0.3789
vn 0.9185 0.0617 -0.3905
vn 0.9249 -0.0708 -0.3735
vn 0.8872 -0.2142 -0.4088
vn 0.8100 -0.2204 -0.5435
vn 0.7081 -0.0637 -0.7033
vn 0.5105 0.3492 -0.7858
vn 0.5286 0.5558 -0.6416
vn 0.6973 0.5388 -0.4728
vn 0.7639 0.5004 -0.4074
vn 0.7754 0.4422 -0.4508
vn 0.7855 0.1562 -0.5988
vn 0.6639 -0.2022 -0.7200
vn 0.7524 -0.6547 -0.0722
vn 0.8632 -0.4831 -0.1466
vn 0.9196 -0.1652 -0.3563
vn 0.8317 0.0110 -0.5551
vn 0.7568 -0.1364 -0.6393
vn 0.7550 -0.2847 -0.5907
vn 0.8372 -0.2382 -0.4922
vn 0.9210 -0.0671 -0.3838
vn 0.9244 0.2937 -0.2434
vn 0.8526 0.5199 -0.0538
vn 0.9002 0.4354 -0.0044
vn 0.9461 0.3106 -0.0913
vn 0.9311 0.2679 -0.2476
vn 0.8751 0.0531 -0.4810
vn 0.7258 -0.2435 -0.6434
vn -0.8730 -0.4819 -0.0749
vn 0.7543 0.2210 -0.6182
vn -0.0811 0.8767 -0.4742
vn 0.7666 -0.1194 -0.6309
vn 0.6343 0.4604 -0.6211
vn 0.3866 0.6823 -0.6205
vn 0.2255 0.7349 -0.6396
vn -0.1018 0.8081 -0.5802
vn -0.4771 0.8737 0.0949
vn -0.0396 0.7756 0.6299
vn 0.5531 0.7519 0.3587
vn 0.3199 0.9343 0.1575
vn -0.3354 0.9416 0.0288
vn -0.6151 0.7848 0.0756
vn -0.6804 0.7182 0.1458
vn -0.6639 0.7123 0.2277
vn -0.6071 0.7541 0.2506
vn -0.5085 0.8555 0.0980
vn -0.2741 0.9345 -0.2272
vn -0.7648 -0.6292 0.1383
vn -0.8099 -0.5626 0.1662
vn -0.9503 -0.3064 0.0553
vn -0.9986 0.0333 -0.0409
vn -0.9950 -0.0687 -0.0723
vn -0.8372 -0.5413 -0.0780
vn -0.6809 -0.7254 -0.1006
vn -0.7815 -0.5909 -0.2004
vn -0.8973 -0.2496 -0.3640
vn -0.8778 -0.0152 -0.4788
vn -0.8291 0.1093 -0.5483
vn -0.7238 0.3159 -0.6135
vn -0.5551 0.5038 -0.6618
vn -0.3408 0.6802 -0.6491
vn -0.1455 0.8005 -0.5814
vn -0.9227 -0.2792 -0.2658
vn -0.8497 -0.4121 -0.3288
vn -0.4968 -0.8179 -0.2901
vn -0.0852 -0.9882 -0.1270
vn -0.1465 -0.9886 0.0346
vn -0.2116 -0.9660 0.1489
vn 0.0696 -0.9748 0.2118
vn 0.2810 -0.9335 0.2229
vn 0.0659 -0.9835 0.1684
vn -0.2252 -0.9415 -0.2508
vn -0.1435 -0.7987 -0.5844
vn 0.0013 -0.6425 -0.7663
vn 0.0874 -0.6583 -0.7476
vn 0.3569 -0.6520 -0.6690
vn 0.6693 -0.4293 -0.6064
vn 0.7111 0.0483 -0.7014
vn 0.6041 -0.0202 -0.7967
vn 0.5466 -0.0201 -0.8372
vn 0.4848 -0.1723 -0.8575
vn 0.3889 -0.4402 -0.8093
vn 0.4066 -0.4859 -0.7737
vn 0.4773 -0.1998 -0.8557
vn 0.4835 0.0951 -0.8701
vn 0.4829 0.0841 -0.8716
vn 0.4910 0.1454 -0.8589
vn 0.5175 0.0681 -0.8530
vn 0.6508 0.0622 -0.7567
vn 0.8083 0.2286 -0.5426
vn 0.8970 0.0588 -0.4380
vn 0.8295 0.0788 -0.5529
vn 0.2128 -0.9690 -0.1254
vn 0.5804 0.6800 0.4480
vn -0.0590 -0.7744 0.6300
vn 0.2486 0.0135 -0.9685
vn 0.2658 0.3511 -0.8978
vn 0.3078 0.6860 -0.6593
vn 0.2592 0.8934 -0.3669
vn 0.1727 0.8181 -0.5485
vn 0.2718 0.7624 -0.5873
vn 0.4206 0.7991 -0.4296
vn 0.4383 0.8982 -0.0332
vn 0.3313 0.8672 0.3717
vn 0.2868 0.7488 0.5975
vn 0.2999 0.6576 0.6911
vn 0.2800 0.6891 0.6683
vn 0.2704 0.7918 0.5476
vn 0.2862 0.7995 0.5281
vn 0.3294 0.7580 0.5629
vn 0.4154 0.8129 0.4082
vn -0.0351 -0.6207 0.7833
vn -0.0626 -0.4259 0.9026
vn -0.0687 -0.5086 0.8583
vn 0.0443 -0.7120 0.7008
vn 0.2420 -0.6977 0.6743
vn 0.3636 -0.5561 0.7473
vn 0.5066 -0.2837 0.8142
vn 0.6573 0.3026 0.6902
vn 0.5158 0.6506 0.5574
vn 0.4921 0.4731 0.7308
vn 0.6505 0.3945 0.6490
vn 0.7483 0.5566 0.3609
vn 0.7782 0.5439 0.3141
vn 0.7788 0.3055 0.5478
vn 0.7012 0.3071 0.6434
vn 0.1033 -0.9229 -0.3710
vn -0.0393 -0.7148 -0.6983
vn -0.0834 -0.4890 -0.8683
vn -0.0301 -0.5328 -0.8457
vn 0.0794 -0.7425 -0.6651
vn 0.1211 -0.9490 -0.2910
vn -0.0095 -0.9991 0.0424
vn -0.1435 -0.9653 0.2184
vn -0.2443 -0.9441 0.2215
vn -0.2523 -0.9643 0.0809
vn -0.2267 -0.9577 0.1772
vn -0.2342 -0.8656 0.4426
vn -0.2454 -0.7880 0.5647
vn -0.2095 -0.8230 0.5280
vn -0.1309 -0.8365 0.5322
vn 0.2872 -0.9535 -0.0914
vn 0.4415 -0.8450 -0.3016
vn 0.6531 -0.5017 -0.5672
vn 0.7596 -0.1532 -0.6321
vn 0.7901 -0.0729 -0.6086
vn 0.7501 0.0535 -0.6592
vn 0.6069 0.2062 -0.7675
vn 0.3944 0.4515 -0.8004
vn 0.2118 0.5768 -0.7890
vn 0.1949 0.2707 -0.9427
vn 0.3097 0.2390 -0.9203
vn 0.4824 0.4504 -0.7513
vn 0.5797 0.4541 -0.6766
vn 0.5423 0.2664 -0.7968
vn 0.3607 -0.0313 -0.9322
vn 0.0250 -0.6113 -0.7910
vn 0.1781 0.6994 -0.6922
vn -0.9456 -0.1874 -0.2661
vn 0.8688 0.4951 -0.0016
vn -0.1289 0.9167 -0.3782
vn 0.7034 -0.5539 -0.4454
vn 0.6007 0.7684 -0.2208
vn 0.4103 0.8275 -0.3833
vn 0.6250 0.7072 -0.3307
vn 0.2129 0.9190 -0.3318
vn -0.0342 0.8913 -0.4520
vn -0.2628 0.7802 -0.5677
vn -0.2150 0.8331 -0.5096
vn -0.2211 0.9032 -0.3679
vn -0.3287 0.9204 -0.2118
vn -0.6259 0.7692 -0.1293
vn -0.8152 0.5715 -0.0944
vn -0.7956 0.5926 -0.1257
vn -0.6249 0.7378 -0.2554
vn -0.1664 0.8734 -0.4577
vn 0.3284 0.8481 -0.4158
vn -0.8256 -0.4461 -0.3455
vn -0.5440 -0.7263 -0.4202
vn -0.6431 -0.5118 -0.5697
vn -0.7805 -0.0515 -0.6230
vn -0.7547 -0.0691 -0.6524
vn -0.6649 -0.4388 -0.6045
vn -0.6141 -0.6532 -0.4430
vn -0.6526 -0.6655 -0.3621
vn -0.7560 -0.4841 -0.4406
vn -0.8095 -0.1996 -0.5521
vn -0.7960 0.0321 -0.6044
vn -0.6269 0.4672 -0.6235
vn -0.3605 0.6973 -0.6195
vn -0.4127 0.7762 -0.4767
vn -0.5836 0.7612 -0.2828
vn -0.8660 -0.4836 -0.1272
vn -0.6433 -0.7545 0.1302
vn -0.3942 -0.8818 0.2588
vn -0.0734 -0.9730 0.2187
vn 0.0713 -0.9781 0.1955
vn -0.0132 -0.9807 0.1951
vn -0.1104 -0.9938 -0.0109
vn -0.0486 -0.9337 -0.3548
vn -0.1125 -0.8686 -0.4825
vn -0.3551 -0.9217 -0.1557
vn -0.3931 -0.9194 0.0131
vn -0.1327 -0.9910 0.0203
vn 0.3035 -0.9413 -0.1478
vn 0.5662 -0.7869 -0.2453
vn 0.6378 -0.6921 -0.3379
vn 0.7338 -0.3602 -0.5760
vn 0.6734 -0.2552 -0.6939
vn 0.6430 -0.2460 -0.7253
vn 0.7209 -0.2717 -0.6376
vn 0.8485 -0.2930 -0.4407
vn 0.9592 -0.1862 -0.2129
vn 0.9988 -0.0008 -0.0493
vn 0.9876 0.1506 0.0450
vn 0.9434 0.3102 0.1177
vn 0.9566 0.2630 0.1257
vn 0.9986 -0.0524 0.0076
vn 0.9337 0.0087 -0.3579
vn 0.6464 0.1567 -0.7467
vn 0.6892 0.0658 -0.7216
vn 0.9117 0.2929 -0.2881
vn 0.0874 -0.9948 -0.0519
vn 0.4806 0.8260 -0.2946
vn 0.1790 -0.8672 -0.4647
vn -0.2686 0.6265 0.7317
vn -0.2008 -0.7135 0.6713
vn 0.0406 0.1207 -0.9919
vn -0.0262 0.3220 -0.9464
vn 0.0650 0.7174 -0.6936
vn 0.1630 0.9765 -0.1408
vn 0.2023 0.7545 0.6243
vn 0.0357 0.8225 -0.5676
vn -0.2890 0.6393 -0.7126
vn -0.2739 0.8564 -0.4377
vn -0.2028 0.9650 0.1660
vn -0.0534 0.8159 0.5758
vn 0.0130 0.6819 0.7313
vn -0.0090 0.7970 0.6039
vn -0.1072 0.9515 0.2885
vn -0.2014 0.9613 0.1880
vn -0.2281 0.8969 0.3788
vn -0.2239 0.8247 0.5194
vn -0.2347 -0.6644 0.7096
vn -0.1824 -0.5011 0.8459
vn -0.1566 -0.5333 0.8313
vn -0.2156 -0.6487 0.7299
vn -0.3858 -0.4860 0.7842
vn -0.5393 -0.2713 0.7972
vn -0.5821 -0.3358 0.7405
vn -0.5433 -0.3307 0.7717
vn -0.4900 0.0030 0.8717
vn -0.4227 0.4488 0.7873
vn -0.4389 0.6298 0.6409
vn -0.4108 0.7415 0.5305
vn -0.3317 0.6414 0.6918
vn -0.2888 0.1334 0.9481
vn -0.2867 0.1215 0.9503
vn 0.3924 -0.7096 -0.5853
vn 0.4665 -0.6425 -0.6079
vn 0.3534 -0.7936 -0.4953
vn 0.0755 -0.9766 -0.2014
vn -0.3377 -0.9411 -0.0177
vn -0.3801 -0.9012 -0.2082
vn -0.0658 -0.9439 -0.3237
vn 0.1158 -0.9864 -0.1163
vn 0.0770 -0.9655 0.2487
vn -0.1940 -0.8774 0.4388
vn -0.3978 -0.8207 0.4102
vn -0.3418 -0.8852 0.3156
vn -0.0658 -0.9791 0.1925
vn 0.1035 -0.9159 0.3879
vn -0.0231 -0.7460 0.6655
vn -0.0500 -0.9375 -0.3444
vn -0.1677 -0.8994 -0.4037
vn -0.1589 -0.6695 -0.7256
vn -0.0245 -0.2122 -0.9769
vn 0.0814 0.1358 -0.9874
vn 0.0580 0.3619 -0.9304
vn 0.0004 0.4674 -0.8841
vn -0.0293 0.3920 -0.9195
vn -0.1084 0.4374 -0.8927
vn -0.3009 0.4998 -0.8122
vn -0.5079 0.3525 -0.7860
vn -0.5699 0.1553 -0.8069
vn -0.4373 0.0166 -0.8992
vn -0.1655 -0.0546 -0.9847
vn 0.0478 -0.0335 -0.9983
vn -0.1794 -0.9837 0.0099
vn 0.3040 0.7497 0.5878
vn -0.2668 -0.8904 -0.3687
vn -0.2263 0.7801 -0.5833
vt 0.640625 0.515625
vt 0.656250 0.515625
vt 0.656250 0.531250
vt 0.640625 0.531250
vt 0.671875 0.515625
vt 0.671875 0.531250
vt 0.683859 0.515625
vt 0.687500 0.515625
vt 0.687500 0.531250
vt 0.683860 0.531250
vt 0.703125 0.515625
vt 0.703125 0.531250
vt 0.718750 0.515625
vt 0.718750 0.531250
vt 0.726563 0.515625
vt 0.734375 0.515625
vt 0.734375 0.531250
vt 0.726563 0.531250
vt 0.750000 0.515625
vt 0.750000 0.531250
vt 0.765625 0.515625
vt 0.765625 0.531250
vt 0.781250 0.515625
vt 0.781250 0.531250
vt 0.796875 0.515625
vt 0.796875 0.531250
vt 0.812500 0.515625
vt 0.812500 0.531250
vt 0.828125 0.515625
vt 0.828125 0.531250
vt 0.843750 0.515625
vt 0.843750 0.531250
vt 0.859375 0.515625
vt 0.859375 0.531250
vt 0.656250 0.546875
vt 0.640625 0.546875
vt 0.671875 0.546875
vt 0.687500 0.546875
vt 0.683859 0.546875
vt 0.703125 0.546875
vt 0.718750 0.546875
vt 0.734375 0.546875
vt 0.726563 0.546875
vt 0.750000 0.546875
vt 0.765625 0.546875
vt 0.781250 0.546875
vt 0.796875 0.546875
vt 0.812500 0.546875
vt 0.828125 0.546875
vt 0.843750 0.546875
vt 0.859375 0.546875
vt 0.656250 0.562500
vt 0.640625 0.562500
vt 0.671875 0.562500
vt 0.687500 0.562500
vt 0.683859 0.562500
vt 0.703125 0.562500
vt 0.718750 0.562500
vt 0.734375 0.562500
vt 0.726563 0.562500
vt 0.750000 0.562500
vt 0.765625 0.562500
vt 0.781250 0.562500
vt 0.796875 0.562500
vt 0.812500 0.562500
vt 0.828125 0.562500
vt 0.843750 0.562500
vt 0.859375 0.562500
vt 0.640625 0.570312
vt 0.656250 0.570313
vt 0.656250 0.578125
vt 0.640625 0.578125
vt 0.671875 0.570312
vt 0.671875 0.578125
vt 0.683859 0.570312
vt 0.687500 0.570312
vt 0.687500 0.578125
vt 0.683859 0.578125
vt 0.703125 0.570312
vt 0.703125 0.578125
vt 0.718750 0.570313
vt 0.718750 0.578125
vt 0.726563 0.570313
vt 0.734375 0.570312
vt 0.734375 0.578125
vt 0.726563 0.578125
vt 0.750000 0.570312
vt 0.750000 0.578125
vt 0.765625 0.570312
vt 0.765625 0.578125
vt 0.781250 0.570313
vt 0.781250 0.578125
vt 0.796875 0.570312
vt 0.796875 0.578125
vt 0.812500 0.570312
vt 0.812500 0.578125
vt 0.828125 0.570312
vt 0.828125 0.578125
vt 0.843750 0.570313
vt 0.843750 0.578125
vt 0.859375 0.570312
vt 0.859375 0.578125
vt 0.656250 0.593750
vt 0.640625 0.593750
vt 0.671875 0.593750
vt 0.687500 0.593750
vt 0.683859 0.593750
vt 0.703125 0.593750
vt 0.718750 0.593750
vt 0.734375 0.593750
vt 0.726562 0.593750
vt 0.750000 0.593750
vt 0.765625 0.593750
vt 0.781250 0.593750
vt 0.796875 0.593750
vt 0.812500 0.593750
vt 0.828125 0.593750
vt 0.843750 0.593750
vt 0.859375 0.593750
vt 0.640625 0.601563
vt 0.656250 0.601562
vt 0.656250 0.609375
vt 0.640625 0.609375
vt 0.671875 0.601563
vt 0.671875 0.609375
vt 0.683859 0.601562
vt 0.687500 0.601562
vt 0.687500 0.609375
vt 0.683859 0.609375
vt 0.703125 0.601563
vt 0.703125 0.609375
vt 0.718750 0.601562
vt 0.718750 0.609375
vt 0.726562 0.601562
vt 0.734375 0.601563
vt 0.734375 0.609375
vt 0.726563 0.609375
vt 0.750000 0.601562
vt 0.750000 0.609375
vt 0.765625 0.601563
vt 0.765625 0.609375
vt 0.781250 0.601562
vt 0.781250 0.609375
vt 0.796875 0.601563
vt 0.796875 0.609375
vt 0.812500 0.601562
vt 0.812500 0.609375
vt 0.828125 0.601563
vt 0.828125 0.609375
vt 0.843750 0.601563
vt 0.843750 0.609375
vt 0.859375 0.601562
vt 0.859375 0.609375
vt 0.656250 0.625000
vt 0.640625 0.625000
vt 0.671875 0.625000
vt 0.687500 0.625000
vt 0.683859 0.625000
vt 0.703125 0.625000
vt 0.718750 0.625000
vt 0.734375 0.625000
vt 0.726563 0.625000
vt 0.750000 0.625000
vt 0.765625 0.625000
vt 0.781250 0.625000
vt 0.796875 0.625000
vt 0.812500 0.625000
vt 0.828125 0.625000
vt 0.843750 0.625000
vt 0.859375 0.625000
vt 0.656250 0.640625
vt 0.640625 0.640625
vt 0.671875 0.640625
vt 0.687500 0.640625
vt 0.683859 0.640625
vt 0.703125 0.640625
vt 0.718750 0.640625
vt 0.734375 0.640625
vt 0.726563 0.640625
vt 0.750000 0.640625
vt 0.765625 0.640625
vt 0.781250 0.640625
vt 0.796875 0.640625
vt 0.812500 0.640625
vt 0.828125 0.640625
vt 0.843750 0.640625
vt 0.859375 0.640625
vt 0.656250 0.656250
vt 0.640625 0.656250
vt 0.671875 0.656250
vt 0.687500 0.656250
vt 0.683859 0.656250
vt 0.703125 0.656250
vt 0.718750 0.656250
vt 0.734375 0.656250
vt 0.726562 0.656250
vt 0.750000 0.656250
vt 0.765625 0.656250
vt 0.781250 0.656250
vt 0.796875 0.656250
vt 0.812500 0.656250
vt 0.828125 0.656250
vt 0.843750 0.656250
vt 0.859375 0.656250
vt 0.656250 0.671875
vt 0.640625 0.671875
vt 0.671875 0.671875
vt 0.687500 0.671875
vt 0.683859 0.671875
vt 0.703125 0.671875
vt 0.718750 0.671875
vt 0.734375 0.671875
vt 0.726563 0.671875
vt 0.750000 0.671875
vt 0.765625 0.671875
vt 0.781250 0.671875
vt 0.796875 0.671875
vt 0.812500 0.671875
vt 0.828125 0.671875
vt 0.843750 0.671875
vt 0.859375 0.671875
vt 0.656250 0.687500
vt 0.640625 0.687500
vt 0.671875 0.687500
vt 0.687500 0.687500
vt 0.683859 0.687500
vt 0.703125 0.687500
vt 0.718750 0.687500
vt 0.734375 0.687500
vt 0.726563 0.687500
vt 0.750000 0.687500
vt 0.765625 0.687500
vt 0.781250 0.687500
vt 0.796875 0.687500
vt 0.812500 0.687500
vt 0.828125 0.687500
vt 0.843750 0.687500
vt 0.859375 0.687500
vt 0.656250 0.703125
vt 0.640625 0.703125
vt 0.671875 0.703125
vt 0.687500 0.703125
vt 0.683859 0.703125
vt 0.703125 0.703125
vt 0.718750 0.703125
vt 0.734375 0.703125
vt 0.726562 0.703125
vt 0.750000 0.703125
vt 0.765625 0.703125
vt 0.781250 0.703125
vt 0.796875 0.703125
vt 0.812500 0.703125
vt 0.828125 0.703125
vt 0.843750 0.703125
vt 0.859375 0.703125
vt 0.656250 0.718750
vt 0.640625 0.718750
vt 0.671875 0.718750
vt 0.687500 0.718750
vt 0.683859 0.718750
vt 0.703125 0.718750
vt 0.718750 0.718750
vt 0.734375 0.718750
vt 0.726563 0.718750
vt 0.750000 0.718750
vt 0.765625 0.718750
vt 0.781250 0.718750
vt 0.796875 0.718750
vt 0.812500 0.718750
vt 0.828125 0.718750
vt 0.843750 0.718750
vt 0.859375 0.718750
vt 0.656250 0.734375
vt 0.640625 0.734375
vt 0.671875 0.734375
vt 0.687500 0.734375
vt 0.683859 0.734375
vt 0.703125 0.734375
vt 0.718750 0.734375
vt 0.734375 0.734375
vt 0.726563 0.734375
vt 0.750000 0.734375
vt 0.765625 0.734375
vt 0.781250 0.734375
vt 0.796875 0.734375
vt 0.812500 0.734375
vt 0.828125 0.734375
vt 0.843750 0.734375
vt 0.859375 0.734375
vt 0.625000 0.500000
vt 0.640625 0.500000
vt 0.625000 0.515625
vt 0.656250 0.500000
vt 0.671875 0.500000
vt 0.683859 0.500000
vt 0.687500 0.500000
vt 0.703125 0.500000
vt 0.718750 0.500000
vt 0.726562 0.500000
vt 0.734375 0.500000
vt 0.750000 0.500000
vt 0.765625 0.500000
vt 0.781250 0.500000
vt 0.796875 0.500000
vt 0.812500 0.500000
vt 0.828125 0.500000
vt 0.843750 0.500000
vt 0.859375 0.500000
vt 0.875000 0.500000
vt 0.875000 0.515625
vt 0.875000 0.531250
vt 0.875000 0.546875
vt 0.875000 0.562500
vt 0.875000 0.570312
vt 0.875000 0.578125
vt 0.875000 0.593750
vt 0.875000 0.601562
vt 0.875000 0.609375
vt 0.875000 0.625000
vt 0.875000 0.640625
vt 0.875000 0.656250
vt 0.875000 0.671875
vt 0.875000 0.687500
vt 0.875000 0.703125
vt 0.875000 0.718750
vt 0.875000 0.734375
vt 0.875000 0.750000
vt 0.859375 0.750000
vt 0.843750 0.750000
vt 0.828125 0.750000
vt 0.812500 0.750000
vt 0.796875 0.750000
vt 0.781250 0.750000
vt 0.765625 0.750000
vt 0.750000 0.750000
vt 0.734375 0.750000
vt 0.726562 0.750000
vt 0.718750 0.750000
vt 0.703125 0.750000
vt 0.687500 0.750000
vt 0.683859 0.750000
vt 0.671875 0.750000
vt 0.656250 0.750000
vt 0.640625 0.750000
vt 0.625000 0.734375
vt 0.625000 0.750000
vt 0.625000 0.718750
vt 0.625000 0.703125
vt 0.625000 0.687500
vt 0.625000 0.671875
vt 0.625000 0.656250
vt 0.625000 0.640625
vt 0.625000 0.625000
vt 0.625000 0.609375
vt 0.625000 0.601562
vt 0.625000 0.578125
vt 0.625000 0.593750
vt 0.625000 0.570312
vt 0.625000 0.546875
vt 0.625000 0.562500
vt 0.625000 0.531250
vt 0.390625 0.765625
vt 0.406250 0.765625
vt 0.406250 0.781250
vt 0.390625 0.781250
vt 0.421875 0.765625
vt 0.421875 0.781250
vt 0.437500 0.765625
vt 0.437500 0.781250
vt 0.453125 0.765625
vt 0.453125 0.781250
vt 0.468750 0.765625
vt 0.468750 0.781250
vt 0.484375 0.765625
vt 0.484375 0.781250
vt 0.500000 0.765625
vt 0.500000 0.781250
vt 0.515625 0.765625
vt 0.515625 0.781250
vt 0.531250 0.765625
vt 0.531250 0.781250
vt 0.546875 0.765625
vt 0.546875 0.781250
vt 0.562500 0.765625
vt 0.562500 0.781250
vt 0.578125 0.765625
vt 0.578125 0.781250
vt 0.593750 0.765625
vt 0.593750 0.781250
vt 0.609375 0.765625
vt 0.609375 0.781250
vt 0.406250 0.796875
vt 0.390625 0.796875
vt 0.421875 0.796875
vt 0.437500 0.796875
vt 0.453125 0.796875
vt 0.468750 0.796875
vt 0.484375 0.796875
vt 0.500000 0.796875
vt 0.515625 0.796875
vt 0.531250 0.796875
vt 0.546875 0.796875
vt 0.562500 0.796875
vt 0.578125 0.796875
vt 0.593750 0.796875
vt 0.609375 0.796875
vt 0.390625 0.808859
vt 0.406250 0.808859
vt 0.406250 0.812500
vt 0.390625 0.812500
vt 0.421875 0.808859
vt 0.421875 0.812500
vt 0.437500 0.808859
vt 0.437500 0.812500
vt 0.453125 0.808859
vt 0.453125 0.812500
vt 0.468750 0.808859
vt 0.468750 0.812500
vt 0.484375 0.808859
vt 0.484375 0.812500
vt 0.500000 0.808859
vt 0.500000 0.812500
vt 0.515625 0.808859
vt 0.515625 0.812500
vt 0.531250 0.808859
vt 0.531250 0.812500
vt 0.546875 0.808859
vt 0.546875 0.812500
vt 0.562500 0.808859
vt 0.562500 0.812500
vt 0.578125 0.808859
vt 0.578125 0.812500
vt 0.593750 0.808859
vt 0.593750 0.812500
vt 0.609375 0.808859
vt 0.609375 0.812500
vt 0.406250 0.828125
vt 0.390625 0.828125
vt 0.421875 0.828125
vt 0.437500 0.828125
vt 0.453125 0.828125
vt 0.468750 0.828125
vt 0.484375 0.828125
vt 0.500000 0.828125
vt 0.515625 0.828125
vt 0.531250 0.828125
vt 0.546875 0.828125
vt 0.562500 0.828125
vt 0.578125 0.828125
vt 0.593750 0.828125
vt 0.609375 0.828125
vt 0.406250 0.843750
vt 0.390625 0.843750
vt 0.421875 0.843750
vt 0.437500 0.843750
vt 0.453125 0.843750
vt 0.468750 0.843750
vt 0.484375 0.843750
vt 0.500000 0.843750
vt 0.515625 0.843750
vt 0.531250 0.843750
vt 0.546875 0.843750
vt 0.562500 0.843750
vt 0.578125 0.843750
vt 0.593750 0.843750
vt 0.609375 0.843750
vt 0.390625 0.851563
vt 0.406250 0.851563
vt 0.406250 0.859375
vt 0.390625 0.859375
vt 0.421875 0.851563
vt 0.421875 0.859375
vt 0.437500 0.851563
vt 0.437500 0.859375
vt 0.453125 0.851563
vt 0.453125 0.859375
vt 0.468750 0.851562
vt 0.468750 0.859375
vt 0.484375 0.851562
vt 0.484375 0.859375
vt 0.500000 0.851563
vt 0.500000 0.859375
vt 0.515625 0.851563
vt 0.515625 0.859375
vt 0.531250 0.851562
vt 0.531250 0.859375
vt 0.546875 0.851562
vt 0.546875 0.859375
vt 0.562500 0.851563
vt 0.562500 0.859375
vt 0.578125 0.851563
vt 0.578125 0.859375
vt 0.593750 0.851563
vt 0.593750 0.859375
vt 0.609375 0.851562
vt 0.609375 0.859375
vt 0.406250 0.875000
vt 0.390625 0.875000
vt 0.421875 0.875000
vt 0.437500 0.875000
vt 0.453125 0.875000
vt 0.468750 0.875000
vt 0.484375 0.875000
vt 0.500000 0.875000
vt 0.515625 0.875000
vt 0.531250 0.875000
vt 0.546875 0.875000
vt 0.562500 0.875000
vt 0.578125 0.875000
vt 0.593750 0.875000
vt 0.609375 0.875000
vt 0.406250 0.890625
vt 0.390625 0.890625
vt 0.421875 0.890625
vt 0.437500 0.890625
vt 0.453125 0.890625
vt 0.468750 0.890625
vt 0.484375 0.890625
vt 0.500000 0.890625
vt 0.515625 0.890625
vt 0.531250 0.890625
vt 0.546875 0.890625
vt 0.562500 0.890625
vt 0.578125 0.890625
vt 0.593750 0.890625
vt 0.609375 0.890625
vt 0.406250 0.906250
vt 0.390625 0.906250
vt 0.421875 0.906250
vt 0.437500 0.906250
vt 0.453125 0.906250
vt 0.468750 0.906250
vt 0.484375 0.906250
vt 0.500000 0.906250
vt 0.515625 0.906250
vt 0.531250 0.906250
vt 0.546875 0.906250
vt 0.562500 0.906250
vt 0.578125 0.906250
vt 0.593750 0.906250
vt 0.609375 0.906250
vt 0.406250 0.921875
vt 0.390625 0.921875
vt 0.421875 0.921875
vt 0.437500 0.921875
vt 0.453125 0.921875
vt 0.468750 0.921875
vt 0.484375 0.921875
vt 0.500000 0.921875
vt 0.515625 0.921875
vt 0.531250 0.921875
vt 0.546875 0.921875
vt 0.562500 0.921875
vt 0.578125 0.921875
vt 0.593750 0.921875
vt 0.609375 0.921875
vt 0.406250 0.937500
vt 0.390625 0.937500
vt 0.421875 0.937500
vt 0.437500 0.937500
vt 0.453125 0.937500
vt 0.468750 0.937500
vt 0.484375 0.937500
vt 0.500000 0.937500
vt 0.515625 0.937500
vt 0.531250 0.937500
vt 0.546875 0.937500
vt 0.562500 0.937500
vt 0.578125 0.937500
vt 0.593750 0.937500
vt 0.609375 0.937500
vt 0.406250 0.953125
vt 0.390625 0.953125
vt 0.421875 0.953125
vt 0.437500 0.953125
vt 0.453125 0.953125
vt 0.468750 0.953125
vt 0.484375 0.953125
vt 0.500000 0.953125
vt 0.515625 0.953125
vt 0.531250 0.953125
vt 0.546875 0.953125
vt 0.562500 0.953125
vt 0.578125 0.953125
vt 0.593750 0.953125
vt 0.609375 0.953125
vt 0.406250 0.968750
vt 0.390625 0.968750
vt 0.421875 0.968750
vt 0.437500 0.968750
vt 0.453125 0.968750
vt 0.468750 0.968750
vt 0.484375 0.968750
vt 0.500000 0.968750
vt 0.515625 0.968750
vt 0.531250 0.968750
vt 0.546875 0.968750
vt 0.562500 0.968750
vt 0.578125 0.968750
vt 0.593750 0.968750
vt 0.609375 0.968750
vt 0.406250 0.984375
vt 0.390625 0.984375
vt 0.421875 0.984375
vt 0.437500 0.984375
vt 0.453125 0.984375
vt 0.468750 0.984375
vt 0.484375 0.984375
vt 0.500000 0.984375
vt 0.515625 0.984375
vt 0.531250 0.984375
vt 0.546875 0.984375
vt 0.562500 0.984375
vt 0.578125 0.984375
vt 0.593750 0.984375
vt 0.609375 0.984375
vt 0.375000 0.750000
vt 0.390625 0.750000
vt 0.375000 0.765625
vt 0.406250 0.750000
vt 0.421875 0.750000
vt 0.437500 0.750000
vt 0.453125 0.750000
vt 0.468750 0.750000
vt 0.484375 0.750000
vt 0.500000 0.750000
vt 0.515625 0.750000
vt 0.531250 0.750000
vt 0.546875 0.750000
vt 0.562500 0.750000
vt 0.578125 0.750000
vt 0.593750 0.750000
vt 0.609375 0.750000
vt 0.625000 0.765625
vt 0.625000 0.781250
vt 0.625000 0.796875
vt 0.625000 0.808859
vt 0.625000 0.812500
vt 0.625000 0.828125
vt 0.625000 0.843750
vt 0.625000 0.851563
vt 0.625000 0.859375
vt 0.625000 0.875000
vt 0.625000 0.890625
vt 0.625000 0.906250
vt 0.625000 0.921875
vt 0.625000 0.937500
vt 0.625000 0.953125
vt 0.625000 0.968750
vt 0.625000 0.984375
vt 0.625000 1.000000
vt 0.609375 1.000000
vt 0.593750 1.000000
vt 0.578125 1.000000
vt 0.562500 1.000000
vt 0.546875 1.000000
vt 0.531250 1.000000
vt 0.515625 1.000000
vt 0.500000 1.000000
vt 0.484375 1.000000
vt 0.468750 1.000000
vt 0.453125 1.000000
vt 0.437500 1.000000
vt 0.421875 1.000000
vt 0.406250 1.000000
vt 0.390625 1.000000
vt 0.375000 0.984375
vt 0.375000 1.000000
vt 0.375000 0.968750
vt 0.375000 0.953125
vt 0.375000 0.937500
vt 0.375000 0.921875
vt 0.375000 0.906250
vt 0.375000 0.890625
vt 0.375000 0.875000
vt 0.375000 0.859375
vt 0.375000 0.851563
vt 0.375000 0.828125
vt 0.375000 0.843750
vt 0.375000 0.812500
vt 0.375000 0.808859
vt 0.375000 0.781250
vt 0.375000 0.796875
vt 0.390625 0.015625
vt 0.406250 0.015625
vt 0.406250 0.031250
vt 0.390625 0.031250
vt 0.421875 0.015625
vt 0.421875 0.031250
vt 0.437500 0.015625
vt 0.437500 0.031250
vt 0.453125 0.015625
vt 0.453125 0.031250
vt 0.468750 0.015625
vt 0.468750 0.031250
vt 0.484375 0.015625
vt 0.484375 0.031250
vt 0.500000 0.015625
vt 0.500000 0.031250
vt 0.515625 0.015625
vt 0.515625 0.031250
vt 0.531250 0.015625
vt 0.531250 0.031250
vt 0.546875 0.015625
vt 0.546875 0.031250
vt 0.562500 0.015625
vt 0.562500 0.031250
vt 0.578125 0.015625
vt 0.578125 0.031250
vt 0.593750 0.015625
vt 0.593750 0.031250
vt 0.609375 0.015625
vt 0.609375 0.031250
vt 0.406250 0.046875
vt 0.390625 0.046875
vt 0.421875 0.046875
vt 0.437500 0.046875
vt 0.453125 0.046875
vt 0.468750 0.046875
vt 0.484375 0.046875
vt 0.500000 0.046875
vt 0.515625 0.046875
vt 0.531250 0.046875
vt 0.546875 0.046875
vt 0.562500 0.046875
vt 0.578125 0.046875
vt 0.593750 0.046875
vt 0.609375 0.046875
vt 0.406250 0.062500
vt 0.390625 0.062500
vt 0.421875 0.062500
vt 0.437500 0.062500
vt 0.453125 0.062500
vt 0.468750 0.062500
vt 0.484375 0.062500
vt 0.500000 0.062500
vt 0.515625 0.062500
vt 0.531250 0.062500
vt 0.546875 0.062500
vt 0.562500 0.062500
vt 0.578125 0.062500
vt 0.593750 0.062500
vt 0.609375 0.062500
vt 0.406250 0.078125
vt 0.390625 0.078125
vt 0.421875 0.078125
vt 0.437500 0.078125
vt 0.453125 0.078125
vt 0.468750 0.078125
vt 0.484375 0.078125
vt 0.500000 0.078125
vt 0.515625 0.078125
vt 0.531250 0.078125
vt 0.546875 0.078125
vt 0.562500 0.078125
vt 0.578125 0.078125
vt 0.593750 0.078125
vt 0.609375 0.078125
vt 0.406250 0.093750
vt 0.390625 0.093750
vt 0.421875 0.093750
vt 0.437500 0.093750
vt 0.453125 0.093750
vt 0.468750 0.093750
vt 0.484375 0.093750
vt 0.500000 0.093750
vt 0.515625 0.093750
vt 0.531250 0.093750
vt 0.546875 0.093750
vt 0.562500 0.093750
vt 0.578125 0.093750
vt 0.593750 0.093750
vt 0.609375 0.093750
vt 0.406250 0.109375
vt 0.390625 0.109375
vt 0.421875 0.109375
vt 0.437500 0.109375
vt 0.453125 0.109375
vt 0.468750 0.109375
vt 0.484375 0.109375
vt 0.500000 0.109375
vt 0.515625 0.109375
vt 0.531250 0.109375
vt 0.546875 0.109375
vt 0.562500 0.109375
vt 0.578125 0.109375
vt 0.593750 0.109375
vt 0.609375 0.109375
vt 0.406250 0.125000
vt 0.390625 0.125000
vt 0.421875 0.125000
vt 0.437500 0.125000
vt 0.453125 0.125000
vt 0.468750 0.125000
vt 0.484375 0.125000
vt 0.500000 0.125000
vt 0.515625 0.125000
vt 0.531250 0.125000
vt 0.546875 0.125000
vt 0.562500 0.125000
vt 0.578125 0.125000
vt 0.593750 0.125000
vt 0.609375 0.125000
vt 0.406250 0.140625
vt 0.390625 0.140625
vt 0.421875 0.140625
vt 0.437500 0.140625
vt 0.453125 0.140625
vt 0.468750 0.140625
vt 0.484375 0.140625
vt 0.500000 0.140625
vt 0.515625 0.140625
vt 0.531250 0.140625
vt 0.546875 0.140625
vt 0.562500 0.140625
vt 0.578125 0.145993
vt 0.593750 0.143138
vt 0.609375 0.140625
vt 0.390625 0.148438
vt 0.406250 0.148438
vt 0.406250 0.156250
vt 0.390625 0.156250
vt 0.421875 0.148438
vt 0.421875 0.156250
vt 0.437500 0.148438
vt 0.437500 0.156250
vt 0.453125 0.148438
vt 0.453125 0.156250
vt 0.468750 0.148438
vt 0.468750 0.156250
vt 0.484375 0.148438
vt 0.484375 0.156250
vt 0.500000 0.148438
vt 0.500000 0.156250
vt 0.515625 0.148438
vt 0.515625 0.156250
vt 0.531250 0.148438
vt 0.531250 0.156250
vt 0.546875 0.148438
vt 0.546875 0.156250
vt 0.562500 0.148438
vt 0.562500 0.156250
vt 0.578125 0.149089
vt 0.578125 0.152185
vt 0.593750 0.146996
vt 0.593750 0.150853
vt 0.609375 0.148438
vt 0.609375 0.156250
vt 0.406250 0.171875
vt 0.390625 0.171875
vt 0.421875 0.171875
vt 0.437500 0.171875
vt 0.453125 0.171875
vt 0.468750 0.171875
vt 0.484375 0.171875
vt 0.500000 0.171875
vt 0.515625 0.171875
vt 0.531250 0.171875
vt 0.546875 0.171875
vt 0.562500 0.171875
vt 0.578125 0.171875
vt 0.593750 0.171875
vt 0.609375 0.171875
vt 0.390625 0.179688
vt 0.406250 0.179688
vt 0.406250 0.187500
vt 0.390625 0.187500
vt 0.421875 0.179688
vt 0.421875 0.187500
vt 0.437500 0.179688
vt 0.437500 0.187500
vt 0.453125 0.179688
vt 0.453125 0.187500
vt 0.468750 0.179688
vt 0.468750 0.187500
vt 0.484375 0.179688
vt 0.484375 0.187500
vt 0.500000 0.179688
vt 0.500000 0.187500
vt 0.515625 0.179688
vt 0.515625 0.187500
vt 0.531250 0.179688
vt 0.531250 0.187500
vt 0.546875 0.179688
vt 0.546875 0.187500
vt 0.562500 0.179688
vt 0.562500 0.187500
vt 0.578125 0.179688
vt 0.578125 0.187500
vt 0.593750 0.179688
vt 0.593750 0.187500
vt 0.609375 0.179688
vt 0.609375 0.187500
vt 0.406250 0.203125
vt 0.390625 0.203125
vt 0.421875 0.203125
vt 0.437500 0.203125
vt 0.453125 0.203125
vt 0.468750 0.203125
vt 0.484375 0.203125
vt 0.500000 0.203125
vt 0.515625 0.203125
vt 0.531250 0.203125
vt 0.546875 0.203125
vt 0.562500 0.203125
vt 0.578125 0.203125
vt 0.593750 0.203125
vt 0.609375 0.203125
vt 0.406250 0.218750
vt 0.390625 0.218750
vt 0.421875 0.218750
vt 0.437500 0.218750
vt 0.453125 0.218750
vt 0.468750 0.218750
vt 0.484375 0.218750
vt 0.500000 0.218750
vt 0.515625 0.218750
vt 0.531250 0.218750
vt 0.546875 0.218750
vt 0.562500 0.218750
vt 0.578125 0.218750
vt 0.593750 0.218750
vt 0.609375 0.218750
vt 0.406250 0.234375
vt 0.390625 0.234375
vt 0.421875 0.234375
vt 0.437500 0.234375
vt 0.453125 0.234375
vt 0.468750 0.234375
vt 0.484375 0.234375
vt 0.500000 0.234375
vt 0.515625 0.234375
vt 0.531250 0.234375
vt 0.546875 0.234375
vt 0.562500 0.234375
vt 0.578125 0.234375
vt 0.593750 0.234375
vt 0.609375 0.234375
vt 0.375000 0.000000
vt 0.390625 0.000000
vt 0.375000 0.015625
vt 0.406250 0.000000
vt 0.421875 0.000000
vt 0.437500 0.000000
vt 0.453125 0.000000
vt 0.468750 0.000000
vt 0.484375 0.000000
vt 0.500000 0.000000
vt 0.515625 0.000000
vt 0.531250 0.000000
vt 0.546875 0.000000
vt 0.562500 0.000000
vt 0.578125 0.000000
vt 0.593750 0.000000
vt 0.609375 0.000000
vt 0.625000 0.000000
vt 0.625000 0.015625
vt 0.625000 0.031250
vt 0.625000 0.046875
vt 0.625000 0.062500
vt 0.625000 0.078125
vt 0.625000 0.093750
vt 0.625000 0.109375
vt 0.625000 0.125000
vt 0.625000 0.140625
vt 0.625000 0.148438
vt 0.625000 0.156250
vt 0.625000 0.171875
vt 0.625000 0.179688
vt 0.625000 0.187500
vt 0.625000 0.203125
vt 0.625000 0.218750
vt 0.625000 0.234375
vt 0.625000 0.250000
vt 0.609375 0.250000
vt 0.593750 0.250000
vt 0.578125 0.250000
vt 0.562500 0.250000
vt 0.546875 0.250000
vt 0.531250 0.250000
vt 0.515625 0.250000
vt 0.500000 0.250000
vt 0.484375 0.250000
vt 0.468750 0.250000
vt 0.453125 0.250000
vt 0.437500 0.250000
vt 0.421875 0.250000
vt 0.406250 0.250000
vt 0.390625 0.250000
vt 0.375000 0.234375
vt 0.375000 0.250000
vt 0.375000 0.218750
vt 0.375000 0.203125
vt 0.375000 0.187500
vt 0.375000 0.179688
vt 0.375000 0.156250
vt 0.375000 0.171875
vt 0.375000 0.148438
vt 0.375000 0.125000
vt 0.375000 0.140625
vt 0.375000 0.109375
vt 0.375000 0.093750
vt 0.375000 0.078125
vt 0.375000 0.062500
vt 0.375000 0.046875
vt 0.375000 0.031250
vt 0.140625 0.515625
vt 0.156250 0.515625
vt 0.156250 0.531250
vt 0.140625 0.531250
vt 0.171875 0.515625
vt 0.171875 0.531250
vt 0.187500 0.515625
vt 0.187500 0.531250
vt 0.203125 0.515625
vt 0.203125 0.531250
vt 0.218750 0.515625
vt 0.218750 0.531250
vt 0.234375 0.515625
vt 0.234375 0.531250
vt 0.250000 0.515625
vt 0.250000 0.531250
vt 0.265625 0.515625
vt 0.265625 0.531250
vt 0.273438 0.515625
vt 0.281250 0.515625
vt 0.281250 0.531250
vt 0.273438 0.531250
vt 0.296875 0.515625
vt 0.296875 0.531250
vt 0.312500 0.515625
vt 0.312500 0.531250
vt 0.316141 0.515625
vt 0.328125 0.515625
vt 0.328125 0.531250
vt 0.316141 0.531250
vt 0.343750 0.515625
vt 0.343750 0.531250
vt 0.359375 0.515625
vt 0.359375 0.531250
vt 0.156250 0.546875
vt 0.140625 0.546875
vt 0.171875 0.546875
vt 0.187500 0.546875
vt 0.203125 0.546875
vt 0.218750 0.546875
vt 0.234375 0.546875
vt 0.250000 0.546875
vt 0.265625 0.546875
vt 0.281250 0.546875
vt 0.273438 0.546875
vt 0.296875 0.546875
vt 0.312500 0.546875
vt 0.328125 0.546875
vt 0.316141 0.546875
vt 0.343750 0.546875
vt 0.359375 0.546875
vt 0.156250 0.562500
vt 0.140625 0.562500
vt 0.171875 0.562500
vt 0.187500 0.562500
vt 0.203125 0.562500
vt 0.218750 0.562500
vt 0.234375 0.562500
vt 0.250000 0.562500
vt 0.265625 0.562500
vt 0.281250 0.562500
vt 0.273438 0.562500
vt 0.296875 0.562500
vt 0.312500 0.562500
vt 0.328125 0.562500
vt 0.316141 0.562500
vt 0.343750 0.562500
vt 0.359375 0.562500
vt 0.140625 0.570312
vt 0.156250 0.570313
vt 0.156250 0.578125
vt 0.140625 0.578125
vt 0.171875 0.570312
vt 0.171875 0.578125
vt 0.187500 0.570312
vt 0.187500 0.578125
vt 0.203125 0.570312
vt 0.203125 0.578125
vt 0.218750 0.570313
vt 0.218750 0.578125
vt 0.234375 0.570312
vt 0.234375 0.578125
vt 0.250000 0.570312
vt 0.250000 0.578125
vt 0.265625 0.570312
vt 0.265625 0.578125
vt 0.273438 0.570313
vt 0.281250 0.570313
vt 0.281250 0.578125
vt 0.273438 0.578125
vt 0.296875 0.570312
vt 0.296875 0.578125
vt 0.312500 0.570312
vt 0.312500 0.578125
vt 0.316141 0.570312
vt 0.328125 0.570312
vt 0.328125 0.578125
vt 0.316141 0.578125
vt 0.343750 0.570313
vt 0.343750 0.578125
vt 0.359375 0.570312
vt 0.359375 0.578125
vt 0.156250 0.593750
vt 0.140625 0.593750
vt 0.171875 0.593750
vt 0.187500 0.593750
vt 0.203125 0.593750
vt 0.218750 0.593750
vt 0.234375 0.593750
vt 0.250000 0.593750
vt 0.265625 0.593750
vt 0.281250 0.593750
vt 0.273438 0.593750
vt 0.296875 0.593750
vt 0.312500 0.593750
vt 0.328125 0.593750
vt 0.316141 0.593750
vt 0.343750 0.593750
vt 0.359375 0.593750
vt 0.140625 0.601562
vt 0.156250 0.601563
vt 0.156250 0.609375
vt 0.140625 0.609375
vt 0.171875 0.601562
vt 0.171875 0.609375
vt 0.187500 0.601562
vt 0.187500 0.609375
vt 0.203125 0.601563
vt 0.203125 0.609375
vt 0.218750 0.601562
vt 0.218750 0.609375
vt 0.234375 0.601563
vt 0.234375 0.609375
vt 0.250000 0.601562
vt 0.250000 0.609375
vt 0.265625 0.601563
vt 0.265625 0.609375
vt 0.273438 0.601562
vt 0.281250 0.601562
vt 0.281250 0.609375
vt 0.273438 0.609375
vt 0.296875 0.601563
vt 0.296875 0.609375
vt 0.312500 0.601562
vt 0.312500 0.609375
vt 0.316141 0.601562
vt 0.328125 0.601563
vt 0.328125 0.609375
vt 0.316141 0.609375
vt 0.343750 0.601562
vt 0.343750 0.609375
vt 0.359375 0.601563
vt 0.359375 0.609375
vt 0.156250 0.625000
vt 0.140625 0.625000
vt 0.171875 0.625000
vt 0.187500 0.625000
vt 0.203125 0.625000
vt 0.218750 0.625000
vt 0.234375 0.625000
vt 0.250000 0.625000
vt 0.265625 0.625000
vt 0.281250 0.625000
vt 0.273438 0.625000
vt 0.296875 0.625000
vt 0.312500 0.625000
vt 0.328125 0.625000
vt 0.316141 0.625000
vt 0.343750 0.625000
vt 0.359375 0.625000
vt 0.156250 0.640625
vt 0.140625 0.640625
vt 0.171875 0.640625
vt 0.187500 0.640625
vt 0.203125 0.640625
vt 0.218750 0.640625
vt 0.234375 0.640625
vt 0.250000 0.640625
vt 0.265625 0.640625
vt 0.281250 0.640625
vt 0.273438 0.640625
vt 0.296875 0.640625
vt 0.312500 0.640625
vt 0.328125 0.640625
vt 0.316141 0.640625
vt 0.343750 0.640625
vt 0.359375 0.640625
vt 0.156250 0.656250
vt 0.140625 0.656250
vt 0.171875 0.656250
vt 0.187500 0.656250
vt 0.203125 0.656250
vt 0.218750 0.656250
vt 0.234375 0.656250
vt 0.250000 0.656250
vt 0.265625 0.656250
vt 0.281250 0.656250
vt 0.273438 0.656250
vt 0.296875 0.656250
vt 0.312500 0.656250
vt 0.328125 0.656250
vt 0.316141 0.656250
vt 0.343750 0.656250
vt 0.359375 0.656250
vt 0.156250 0.671875
vt 0.140625 0.671875
vt 0.171875 0.671875
vt 0.187500 0.671875
vt 0.203125 0.671875
vt 0.218750 0.671875
vt 0.234375 0.671875
vt 0.250000 0.671875
vt 0.265625 0.671875
vt 0.281250 0.671875
vt 0.273438 0.671875
vt 0.296875 0.671875
vt 0.312500 0.671875
vt 0.328125 0.671875
vt 0.316141 0.671875
vt 0.343750 0.671875
vt 0.359375 0.671875
vt 0.156250 0.687500
vt 0.140625 0.687500
vt 0.171875 0.687500
vt 0.187500 0.687500
vt 0.203125 0.687500
vt 0.218750 0.687500
vt 0.234375 0.687500
vt 0.250000 0.687500
vt 0.265625 0.687500
vt 0.281250 0.687500
vt 0.273438 0.687500
vt 0.296875 0.687500
vt 0.312500 0.687500
vt 0.328125 0.687500
vt 0.316141 0.687500
vt 0.343750 0.687500
vt 0.359375 0.687500
vt 0.156250 0.703125
vt 0.140625 0.703125
vt 0.171875 0.703125
vt 0.187500 0.703125
vt 0.203125 0.703125
vt 0.218750 0.703125
vt 0.234375 0.703125
vt 0.250000 0.703125
vt 0.265625 0.703125
vt 0.281250 0.703125
vt 0.273438 0.703125
vt 0.296875 0.703125
vt 0.312500 0.703125
vt 0.328125 0.703125
vt 0.316141 0.703125
vt 0.343750 0.703125
vt 0.359375 0.703125
vt 0.156250 0.718750
vt 0.140625 0.718750
vt 0.171875 0.718750
vt 0.187500 0.718750
vt 0.203125 0.718750
vt 0.218750 0.718750
vt 0.234375 0.718750
vt 0.250000 0.718750
vt 0.265625 0.718750
vt 0.281250 0.718750
vt 0.273438 0.718750
vt 0.296875 0.718750
vt 0.312500 0.718750
vt 0.328125 0.718750
vt 0.316141 0.718750
vt 0.343750 0.718750
vt 0.359375 0.718750
vt 0.156250 0.734375
vt 0.140625 0.734375
vt 0.171875 0.734375
vt 0.187500 0.734375
vt 0.203125 0.734375
vt 0.218750 0.734375
vt 0.234375 0.734375
vt 0.250000 0.734375
vt 0.265625 0.734375
vt 0.281250 0.734375
vt 0.273438 0.734375
vt 0.296875 0.734375
vt 0.312500 0.734375
vt 0.328125 0.734375
vt 0.316141 0.734375
vt 0.343750 0.734375
vt 0.359375 0.734375
vt 0.125000 0.500000
vt 0.140625 0.500000
vt 0.125000 0.515625
vt 0.156250 0.500000
vt 0.171875 0.500000
vt 0.187500 0.500000
vt 0.203125 0.500000
vt 0.218750 0.500000
vt 0.234375 0.500000
vt 0.250000 0.500000
vt 0.265625 0.500000
vt 0.273438 0.500000
vt 0.281250 0.500000
vt 0.296875 0.500000
vt 0.312500 0.500000
vt 0.316141 0.500000
vt 0.328125 0.500000
vt 0.343750 0.500000
vt 0.359375 0.500000
vt 0.375000 0.500000
vt 0.375000 0.515625
vt 0.375000 0.531250
vt 0.375000 0.546875
vt 0.375000 0.562500
vt 0.375000 0.570312
vt 0.375000 0.578125
vt 0.375000 0.593750
vt 0.375000 0.601562
vt 0.375000 0.609375
vt 0.375000 0.625000
vt 0.375000 0.640625
vt 0.375000 0.656250
vt 0.375000 0.671875
vt 0.375000 0.687500
vt 0.375000 0.703125
vt 0.375000 0.718750
vt 0.375000 0.734375
vt 0.359375 0.750000
vt 0.343750 0.750000
vt 0.328125 0.750000
vt 0.316141 0.750000
vt 0.312500 0.750000
vt 0.296875 0.750000
vt 0.281250 0.750000
vt 0.273438 0.750000
vt 0.265625 0.750000
vt 0.250000 0.750000
vt 0.234375 0.750000
vt 0.218750 0.750000
vt 0.203125 0.750000
vt 0.187500 0.750000
vt 0.171875 0.750000
vt 0.156250 0.750000
vt 0.140625 0.750000
vt 0.125000 0.734375
vt 0.125000 0.750000
vt 0.125000 0.718750
vt 0.125000 0.703125
vt 0.125000 0.687500
vt 0.125000 0.671875
vt 0.125000 0.656250
vt 0.125000 0.640625
vt 0.125000 0.625000
vt 0.125000 0.609375
vt 0.125000 0.601562
vt 0.125000 0.578125
vt 0.125000 0.593750
vt 0.125000 0.570312
vt 0.125000 0.546875
vt 0.125000 0.562500
vt 0.125000 0.531250
vt 0.390625 0.515625
vt 0.406250 0.515625
vt 0.406250 0.531250
vt 0.390625 0.531250
vt 0.421875 0.515625
vt 0.421875 0.531250
vt 0.437500 0.515625
vt 0.437500 0.531250
vt 0.453125 0.515625
vt 0.453125 0.531250
vt 0.468750 0.515625
vt 0.468750 0.531250
vt 0.484375 0.515625
vt 0.484375 0.531250
vt 0.500000 0.515625
vt 0.500000 0.531250
vt 0.515625 0.515625
vt 0.515625 0.531250
vt 0.531250 0.515625
vt 0.531250 0.531250
vt 0.546875 0.515625
vt 0.546875 0.531250
vt 0.562500 0.515625
vt 0.562500 0.531250
vt 0.578125 0.515625
vt 0.578125 0.531250
vt 0.593750 0.515625
vt 0.593750 0.531250
vt 0.609375 0.515625
vt 0.609375 0.531250
vt 0.406250 0.546875
vt 0.390625 0.546875
vt 0.421875 0.546875
vt 0.437500 0.546875
vt 0.453125 0.546875
vt 0.468750 0.546875
vt 0.484375 0.546875
vt 0.500000 0.546875
vt 0.515625 0.546875
vt 0.531250 0.546875
vt 0.546875 0.546875
vt 0.562500 0.546875
vt 0.578125 0.546875
vt 0.593750 0.546875
vt 0.609375 0.546875
vt 0.406250 0.562500
vt 0.390625 0.562500
vt 0.421875 0.562500
vt 0.437500 0.562500
vt 0.453125 0.562500
vt 0.468750 0.562500
vt 0.484375 0.562500
vt 0.500000 0.562500
vt 0.515625 0.562500
vt 0.531250 0.562500
vt 0.546875 0.562500
vt 0.562500 0.562500
vt 0.578125 0.562500
vt 0.593750 0.562500
vt 0.609375 0.562500
vt 0.390625 0.570312
vt 0.406250 0.570313
vt 0.406250 0.578125
vt 0.390625 0.578125
vt 0.421875 0.570312
vt 0.421875 0.578125
vt 0.437500 0.570312
vt 0.437500 0.578125
vt 0.453125 0.570312
vt 0.453125 0.578125
vt 0.468750 0.570313
vt 0.468750 0.578125
vt 0.484375 0.570312
vt 0.484375 0.578125
vt 0.500000 0.570312
vt 0.500000 0.578125
vt 0.515625 0.570312
vt 0.515625 0.578125
vt 0.531250 0.570313
vt 0.531250 0.578125
vt 0.546875 0.570312
vt 0.546875 0.578125
vt 0.562500 0.570312
vt 0.562500 0.578125
vt 0.578125 0.570312
vt 0.578125 0.578125
vt 0.593750 0.570313
vt 0.593750 0.578125
vt 0.609375 0.570312
vt 0.609375 0.578125
vt 0.406250 0.593750
vt 0.390625 0.593750
vt 0.421875 0.593750
vt 0.437500 0.593750
vt 0.453125 0.593750
vt 0.468750 0.593750
vt 0.484375 0.593750
vt 0.500000 0.593750
vt 0.515625 0.593750
vt 0.531250 0.593750
vt 0.546875 0.593750
vt 0.562500 0.593750
vt 0.578125 0.584652
vt 0.593750 0.584652
vt 0.609375 0.593750
vt 0.390625 0.601563
vt 0.406250 0.601562
vt 0.406250 0.609375
vt 0.390625 0.609375
vt 0.421875 0.601563
vt 0.421875 0.609375
vt 0.437500 0.601562
vt 0.437500 0.609375
vt 0.453125 0.601563
vt 0.453125 0.609375
vt 0.468750 0.601562
vt 0.468750 0.609375
vt 0.484375 0.601563
vt 0.484375 0.609375
vt 0.500000 0.601562
vt 0.500000 0.609375
vt 0.515625 0.601563
vt 0.515625 0.609375
vt 0.531250 0.601562
vt 0.531250 0.609375
vt 0.546875 0.601563
vt 0.546875 0.609375
vt 0.562500 0.601562
vt 0.562500 0.609375
vt 0.578125 0.597013
vt 0.578125 0.609375
vt 0.593750 0.597013
vt 0.593750 0.609375
vt 0.609375 0.601563
vt 0.609375 0.609375
vt 0.406250 0.625000
vt 0.390625 0.625000
vt 0.421875 0.625000
vt 0.437500 0.625000
vt 0.453125 0.625000
vt 0.468750 0.625000
vt 0.484375 0.625000
vt 0.500000 0.625000
vt 0.515625 0.625000
vt 0.531250 0.625000
vt 0.546875 0.625000
vt 0.562500 0.625000
vt 0.578125 0.625000
vt 0.593750 0.625000
vt 0.609375 0.625000
vt 0.406250 0.640625
vt 0.390625 0.640625
vt 0.421875 0.640625
vt 0.437500 0.640625
vt 0.453125 0.640625
vt 0.468750 0.640625
vt 0.484375 0.640625
vt 0.500000 0.640625
vt 0.515625 0.640625
vt 0.531250 0.640625
vt 0.546875 0.640625
vt 0.562500 0.640625
vt 0.578125 0.640625
vt 0.593750 0.640625
vt 0.609375 0.640625
vt 0.406250 0.656250
vt 0.390625 0.656250
vt 0.421875 0.656250
vt 0.437500 0.656250
vt 0.453125 0.656250
vt 0.468750 0.656250
vt 0.484375 0.656250
vt 0.500000 0.656250
vt 0.515625 0.656250
vt 0.531250 0.656250
vt 0.546875 0.656250
vt 0.562500 0.656250
vt 0.578125 0.656250
vt 0.593750 0.656250
vt 0.609375 0.656250
vt 0.406250 0.671875
vt 0.390625 0.671875
vt 0.421875 0.671875
vt 0.437500 0.671875
vt 0.453125 0.671875
vt 0.468750 0.671875
vt 0.484375 0.671875
vt 0.500000 0.671875
vt 0.515625 0.671875
vt 0.531250 0.671875
vt 0.546875 0.671875
vt 0.562500 0.671875
vt 0.578125 0.671875
vt 0.593750 0.671875
vt 0.609375 0.671875
vt 0.406250 0.687500
vt 0.390625 0.687500
vt 0.421875 0.687500
vt 0.437500 0.687500
vt 0.453125 0.687500
vt 0.468750 0.687500
vt 0.484375 0.687500
vt 0.500000 0.687500
vt 0.515625 0.687500
vt 0.531250 0.687500
vt 0.546875 0.687500
vt 0.562500 0.687500
vt 0.578125 0.687500
vt 0.593750 0.687500
vt 0.609375 0.687500
vt 0.406250 0.703125
vt 0.390625 0.703125
vt 0.421875 0.703125
vt 0.437500 0.703125
vt 0.453125 0.703125
vt 0.468750 0.703125
vt 0.484375 0.703125
vt 0.500000 0.703125
vt 0.515625 0.703125
vt 0.531250 0.703125
vt 0.546875 0.703125
vt 0.562500 0.703125
vt 0.578125 0.703125
vt 0.593750 0.703125
vt 0.609375 0.703125
vt 0.406250 0.718750
vt 0.390625 0.718750
vt 0.421875 0.718750
vt 0.437500 0.718750
vt 0.453125 0.718750
vt 0.468750 0.718750
vt 0.484375 0.718750
vt 0.500000 0.718750
vt 0.515625 0.718750
vt 0.531250 0.718750
vt 0.546875 0.718750
vt 0.562500 0.718750
vt 0.578125 0.718750
vt 0.593750 0.718750
vt 0.609375 0.718750
vt 0.406250 0.734375
vt 0.390625 0.734375
vt 0.421875 0.734375
vt 0.437500 0.734375
vt 0.453125 0.734375
vt 0.468750 0.734375
vt 0.484375 0.734375
vt 0.500000 0.734375
vt 0.515625 0.734375
vt 0.531250 0.734375
vt 0.546875 0.734375
vt 0.562500 0.734375
vt 0.578125 0.734375
vt 0.593750 0.734375
vt 0.609375 0.734375
vt 0.390625 0.500000
vt 0.406250 0.500000
vt 0.421875 0.500000
vt 0.437500 0.500000
vt 0.453125 0.500000
vt 0.468750 0.500000
vt 0.484375 0.500000
vt 0.500000 0.500000
vt 0.515625 0.500000
vt 0.531250 0.500000
vt 0.546875 0.500000
vt 0.562500 0.500000
vt 0.578125 0.500000
vt 0.593750 0.500000
vt 0.609375 0.500000
vt 0.390625 0.265625
vt 0.406250 0.265625
vt 0.406250 0.281250
vt 0.390625 0.281250
vt 0.421875 0.265625
vt 0.421875 0.281250
vt 0.437500 0.265625
vt 0.437500 0.281250
vt 0.453125 0.265625
vt 0.453125 0.281250
vt 0.468750 0.265625
vt 0.468750 0.281250
vt 0.484375 0.265625
vt 0.484375 0.281250
vt 0.500000 0.265625
vt 0.500000 0.281250
vt 0.515625 0.265625
vt 0.515625 0.281250
vt 0.531250 0.265625
vt 0.531250 0.281250
vt 0.546875 0.265625
vt 0.546875 0.281250
vt 0.562500 0.265625
vt 0.562500 0.281250
vt 0.578125 0.265625
vt 0.578125 0.281250
vt 0.593750 0.265625
vt 0.593750 0.281250
vt 0.609375 0.265625
vt 0.609375 0.281250
vt 0.406250 0.296875
vt 0.390625 0.296875
vt 0.421875 0.296875
vt 0.437500 0.296875
vt 0.453125 0.296875
vt 0.468750 0.296875
vt 0.484375 0.296875
vt 0.500000 0.296875
vt 0.515625 0.296875
vt 0.531250 0.296875
vt 0.546875 0.296875
vt 0.562500 0.296875
vt 0.578125 0.296875
vt 0.593750 0.296875
vt 0.609375 0.296875
vt 0.406250 0.312500
vt 0.390625 0.312500
vt 0.421875 0.312500
vt 0.437500 0.312500
vt 0.453125 0.312500
vt 0.468750 0.312500
vt 0.484375 0.312500
vt 0.500000 0.312500
vt 0.515625 0.312500
vt 0.531250 0.312500
vt 0.546875 0.312500
vt 0.562500 0.312500
vt 0.578125 0.312500
vt 0.593750 0.312500
vt 0.609375 0.312500
vt 0.406250 0.328125
vt 0.390625 0.328125
vt 0.421875 0.328125
vt 0.437500 0.328125
vt 0.453125 0.328125
vt 0.468750 0.328125
vt 0.484375 0.328125
vt 0.500000 0.328125
vt 0.515625 0.328125
vt 0.531250 0.328125
vt 0.546875 0.328125
vt 0.562500 0.328125
vt 0.578125 0.328125
vt 0.593750 0.328125
vt 0.609375 0.328125
vt 0.406250 0.343750
vt 0.390625 0.343750
vt 0.421875 0.343750
vt 0.437500 0.343750
vt 0.453125 0.343750
vt 0.468750 0.343750
vt 0.484375 0.343750
vt 0.500000 0.343750
vt 0.515625 0.343750
vt 0.531250 0.343750
vt 0.546875 0.343750
vt 0.562500 0.343750
vt 0.578125 0.343750
vt 0.593750 0.343750
vt 0.609375 0.343750
vt 0.406250 0.359375
vt 0.390625 0.359375
vt 0.421875 0.359375
vt 0.437500 0.359375
vt 0.453125 0.359375
vt 0.468750 0.359375
vt 0.484375 0.359375
vt 0.500000 0.359375
vt 0.515625 0.359375
vt 0.531250 0.359375
vt 0.546875 0.359375
vt 0.562500 0.359375
vt 0.578125 0.359375
vt 0.593750 0.359375
vt 0.609375 0.359375
vt 0.406250 0.375000
vt 0.390625 0.375000
vt 0.421875 0.375000
vt 0.437500 0.375000
vt 0.453125 0.375000
vt 0.468750 0.375000
vt 0.484375 0.375000
vt 0.500000 0.375000
vt 0.515625 0.375000
vt 0.531250 0.375000
vt 0.546875 0.375000
vt 0.562500 0.375000
vt 0.578125 0.375000
vt 0.593750 0.375000
vt 0.609375 0.375000
vt 0.406250 0.390625
vt 0.390625 0.390625
vt 0.421875 0.390625
vt 0.437500 0.390625
vt 0.453125 0.390625
vt 0.468750 0.390625
vt 0.484375 0.390625
vt 0.500000 0.390625
vt 0.515625 0.390625
vt 0.531250 0.390625
vt 0.546875 0.390625
vt 0.562500 0.390625
vt 0.578125 0.390625
vt 0.593750 0.390625
vt 0.609375 0.390625
vt 0.390625 0.398438
vt 0.406250 0.398438
vt 0.406250 0.406250
vt 0.390625 0.406250
vt 0.421875 0.398438
vt 0.421875 0.406250
vt 0.437500 0.398438
vt 0.437500 0.406250
vt 0.453125 0.398438
vt 0.453125 0.406250
vt 0.468750 0.398438
vt 0.468750 0.406250
vt 0.484375 0.398438
vt 0.484375 0.406250
vt 0.500000 0.398438
vt 0.500000 0.406250
vt 0.515625 0.398438
vt 0.515625 0.406250
vt 0.531250 0.398438
vt 0.531250 0.406250
vt 0.546875 0.398438
vt 0.546875 0.406250
vt 0.562500 0.398438
vt 0.562500 0.406250
vt 0.578125 0.398438
vt 0.578125 0.406250
vt 0.593750 0.398438
vt 0.593750 0.406250
vt 0.609375 0.398438
vt 0.609375 0.406250
vt 0.406250 0.421875
vt 0.390625 0.421875
vt 0.421875 0.421875
vt 0.437500 0.421875
vt 0.453125 0.421875
vt 0.468750 0.421875
vt 0.484375 0.421875
vt 0.500000 0.421875
vt 0.515625 0.421875
vt 0.531250 0.421875
vt 0.546875 0.421875
vt 0.562500 0.421875
vt 0.578125 0.421875
vt 0.593750 0.421875
vt 0.609375 0.421875
vt 0.406250 0.437500
vt 0.390625 0.437500
vt 0.421875 0.437500
vt 0.437500 0.437500
vt 0.453125 0.437500
vt 0.468750 0.437500
vt 0.484375 0.437500
vt 0.500000 0.437500
vt 0.515625 0.437500
vt 0.531250 0.437500
vt 0.546875 0.437500
vt 0.562500 0.437500
vt 0.578125 0.437500
vt 0.593750 0.437500
vt 0.609375 0.437500
vt 0.390625 0.441141
vt 0.406250 0.441141
vt 0.406250 0.453125
vt 0.390625 0.453125
vt 0.421875 0.441141
vt 0.421875 0.453125
vt 0.437500 0.441141
vt 0.437500 0.453125
vt 0.453125 0.441141
vt 0.453125 0.453125
vt 0.468750 0.441141
vt 0.468750 0.453125
vt 0.484375 0.441141
vt 0.484375 0.453125
vt 0.500000 0.441141
vt 0.500000 0.453125
vt 0.515625 0.441141
vt 0.515625 0.453125
vt 0.531250 0.441141
vt 0.531250 0.453125
vt 0.546875 0.441141
vt 0.546875 0.453125
vt 0.562500 0.441141
vt 0.562500 0.453125
vt 0.578125 0.441141
vt 0.578125 0.453125
vt 0.593750 0.441141
vt 0.593750 0.453125
vt 0.609375 0.441141
vt 0.609375 0.453125
vt 0.406250 0.468750
vt 0.390625 0.468750
vt 0.421875 0.468750
vt 0.437500 0.468750
vt 0.453125 0.468750
vt 0.468750 0.468750
vt 0.484375 0.468750
vt 0.500000 0.468750
vt 0.515625 0.468750
vt 0.531250 0.468750
vt 0.546875 0.468750
vt 0.562500 0.468750
vt 0.578125 0.468750
vt 0.593750 0.468750
vt 0.609375 0.468750
vt 0.406250 0.484375
vt 0.390625 0.484375
vt 0.421875 0.484375
vt 0.437500 0.484375
vt 0.453125 0.484375
vt 0.468750 0.484375
vt 0.484375 0.484375
vt 0.500000 0.484375
vt 0.515625 0.484375
vt 0.531250 0.484375
vt 0.546875 0.484375
vt 0.562500 0.484375
vt 0.578125 0.484375
vt 0.593750 0.484375
vt 0.609375 0.484375
vt 0.375000 0.265625
vt 0.625000 0.265625
vt 0.625000 0.281250
vt 0.625000 0.296875
vt 0.625000 0.312500
vt 0.625000 0.328125
vt 0.625000 0.343750
vt 0.625000 0.359375
vt 0.625000 0.375000
vt 0.625000 0.390625
vt 0.625000 0.398438
vt 0.625000 0.406250
vt 0.625000 0.421875
vt 0.625000 0.437500
vt 0.625000 0.441141
vt 0.625000 0.453125
vt 0.625000 0.468750
vt 0.625000 0.484375
vt 0.375000 0.484375
vt 0.375000 0.468750
vt 0.375000 0.453125
vt 0.375000 0.441141
vt 0.375000 0.421875
vt 0.375000 0.437500
vt 0.375000 0.406250
vt 0.375000 0.398438
vt 0.375000 0.375000
vt 0.375000 0.390625
vt 0.375000 0.359375
vt 0.375000 0.343750
vt 0.375000 0.328125
vt 0.375000 0.312500
vt 0.375000 0.296875
vt 0.375000 0.281250
s 1
usemtl Material
f 189/1/189 190/2/190 205/3/205 204/4/204
f 190/2/190 191/5/191 206/6/206 205/3/205
f 1607/7/1607 192/8/192 207/9/207 1608/10/1608
f 192/8/192 193/11/193 208/12/208 207/9/207
f 193/11/193 194/13/194 209/14/209 208/12/208
f 1739/15/1739 195/16/195 210/17/210 1740/18/1740
f 195/16/195 196/19/196 211/20/211 210/17/210
f 196/19/196 197/21/197 212/22/212 211/20/211
f 197/21/197 198/23/198 213/24/213 212/22/212
f 198/23/198 199/25/199 214/26/214 213/24/213
f 199/25/199 200/27/200 215/28/215 214/26/214
f 200/27/200 201/29/201 216/30/216 215/28/215
f 201/29/201 202/31/202 217/32/217 216/30/216
f 202/31/202 203/33/203 218/34/218 217/32/217
f 204/4/204 205/3/205 220/35/220 219/36/219
f 205/3/205 206/6/206 221/37/221 220/35/220
f 1608/10/1608 207/9/207 222/38/222 1609/39/1609
f 207/9/207 208/12/208 223/40/223 222/38/222
f 208/12/208 209/14/209 224/41/224 223/40/223
f 1740/18/1740 210/17/210 225/42/225 1741/43/1741
f 210/17/210 211/20/211 226/44/226 225/42/225
f 211/20/211 212/22/212 227/45/227 226/44/226
f 212/22/212 213/24/213 228/46/228 227/45/227
f 213/24/213 214/26/214 229/47/229 228/46/228
f 214/26/214 215/28/215 230/48/230 229/47/229
f 215/28/215 216/30/216 231/49/231 230/48/230
f 216/30/216 217/32/217 232/50/232 231/49/231
f 217/32/217 218/34/218 233/51/233 232/50/232
f 219/36/219 220/35/220 235/52/235 234/53/234
f 220/35/220 221/37/221 236/54/236 235/52/235
f 1609/39/1609 222/38/222 237/55/237 1610/56/1610
f 222/38/222 223/40/223 238/57/238 237/55/237
f 223/40/223 224/41/224 239/58/239 238/57/238
f 1741/43/1741 225/42/225 240/59/240 1742/60/1742
f 225/42/225 226/44/226 241/61/241 240/59/240
f 226/44/226 227/45/227 242/62/242 241/61/241
f 227/45/227 228/46/228 243/63/243 242/62/242
f 228/46/228 229/47/229 244/64/244 243/63/243
f 229/47/229 230/48/230 245/65/245 244/64/244
f 230/48/230 231/49/231 246/66/246 245/65/245
f 231/49/231 232/50/232 247/67/247 246/66/246
f 232/50/232 233/51/233 248/68/248 247/67/247
f 1543/69/1543 1544/70/1544 250/71/250 249/72/249
f 1544/70/1544 1545/73/1545 251/74/251 250/71/250
f 1668/75/1668 1546/76/1546 252/77/252 1611/78/1611
f 1546/76/1546 1547/79/1547 253/80/253 252/77/252
f 1547/79/1547 1548/81/1548 254/82/254 253/80/253
f 1800/83/1800 1549/84/1549 255/85/255 1743/86/1743
f 1549/84/1549 1550/87/1550 256/88/256 255/85/255
f 1550/87/1550 1551/89/1551 257/90/257 256/88/256
f 1551/89/1551 1552/91/1552 258/92/258 257/90/257
f 1552/91/1552 1553/93/1553 259/94/259 258/92/258
f 1553/93/1553 1554/95/1554 260/96/260 259/94/259
f 1554/95/1554 1555/97/1555 261/98/261 260/96/260
f 1555/97/1555 1556/99/1556 262/100/262 261/98/261
f 1556/99/1556 1557/101/1557 263/102/263 262/100/262
f 249/72/249 250/71/250 265/103/265 264/104/264
f 250/71/250 251/74/251 266/105/266 265/103/265
f 1611/78/1611 252/77/252 267/106/267 1612/107/1612
f 252/77/252 253/80/253 268/108/268 267/106/267
f 253/80/253 254/82/254 269/109/269 268/108/268
f 1743/86/1743 255/85/255 270/110/270 1744/111/1744
f 255/85/255 256/88/256 271/112/271 270/110/270
f 256/88/256 257/90/257 272/113/272 271/112/271
f 257/90/257 258/92/258 273/114/273 272/113/272
f 258/92/258 259/94/259 274/115/274 273/114/273
f 259/94/259 260/96/260 275/116/275 274/115/274
f 260/96/260 261/98/261 276/117/276 275/116/275
f 261/98/261 262/100/262 277/118/277 276/117/276
f 262/100/262 263/102/263 278/119/278 277/118/277
f 1673/120/1673 1674/121/1674 280/122/280 279/123/279
f 1674/121/1674 1675/124/1675 281/125/281 280/122/280
f 1734/126/1734 1676/127/1676 282/128/282 1613/129/1613
f 1676/127/1676 1677/130/1677 283/131/283 282/128/282
f 1677/130/1677 1678/132/1678 284/133/284 283/131/283
f 1802/134/1802 1679/135/1679 285/136/285 1745/137/1745
f 1679/135/1679 1680/138/1680 286/139/286 285/136/285
f 1680/138/1680 1681/140/1681 287/141/287 286/139/286
f 1681/140/1681 1682/142/1682 288/143/288 287/141/287
f 1682/142/1682 1683/144/1683 289/145/289 288/143/288
f 1683/144/1683 1684/146/1684 290/147/290 289/145/289
f 1684/146/1684 1685/148/1685 291/149/291 290/147/290
f 1685/148/1685 1686/150/1686 292/151/292 291/149/291
f 1686/150/1686 1687/152/1687 293/153/293 292/151/292
f 279/123/279 280/122/280 295/154/295 294/155/294
f 280/122/280 281/125/281 296/156/296 295/154/295
f 1613/129/1613 282/128/282 297/157/297 1614/158/1614
f 282/128/282 283/131/283 298/159/298 297/157/297
f 283/131/283 284/133/284 299/160/299 298/159/298
f 1745/137/1745 285/136/285 300/161/300 1746/162/1746
f 285/136/285 286/139/286 301/163/301 300/161/300
f 286/139/286 287/141/287 302/164/302 301/163/301
f 287/141/287 288/143/288 303/165/303 302/164/302
f 288/143/288 289/145/289 304/166/304 303/165/303
f 289/145/289 290/147/290 305/167/305 304/166/304
f 290/147/290 291/149/291 306/168/306 305/167/305
f 291/149/291 292/151/292 307/169/307 306/168/306
f 292/151/292 293/153/293 308/170/308 307/169/307
f 294/155/294 295/154/295 310/171/310 309/172/309
f 295/154/295 296/156/296 311/173/311 310/171/310
f 1614/158/1614 297/157/297 312/174/312 1615/175/1615
f 297/157/297 298/159/298 313/176/313 312/174/312
f 298/159/298 299/160/299 314/177/314 313/176/313
f 1746/162/1746 300/161/300 315/178/315 1747/179/1747
f 300/161/300 301/163/301 316/180/316 315/178/315
f 301/163/301 302/164/302 317/181/317 316/180/316
f 302/164/302 303/165/303 318/182/318 317/181/317
f 303/165/303 304/166/304 319/183/319 318/182/318
f 304/166/304 305/167/305 320/184/320 319/183/319
f 305/167/305 306/168/306 321/185/321 320/184/320
f 306/168/306 307/169/307 322/186/322 321/185/321
f 307/169/307 308/170/308 323/187/323 322/186/322
f 309/172/309 310/171/310 325/188/325 324/189/324
f 310/171/310 311/173/311 326/190/326 325/188/325
f 1615/175/1615 312/174/312 327/191/327 1616/192/1616
f 312/174/312 313/176/313 328/193/328 327/191/327
f 313/176/313 314/177/314 329/194/329 328/193/328
f 1747/179/1747 315/178/315 330/195/330 1748/196/1748
f 315/178/315 316/180/316 331/197/331 330/195/330
f 316/180/316 317/181/317 332/198/332 331/197/331
f 317/181/317 318/182/318 333/199/333 332/198/332
f 318/182/318 319/183/319 334/200/334 333/199/333
f 319/183/319 320/184/320 335/201/335 334/200/334
f 320/184/320 321/185/321 336/202/336 335/201/335
f 321/185/321 322/186/322 337/203/337 336/202/336
f 322/186/322 323/187/323 338/204/338 337/203/337
f 324/189/324 325/188/325 340/205/340 339/206/339
f 325/188/325 326/190/326 341/207/341 340/205/340
f 1616/192/1616 327/191/327 342/208/342 1617/209/1617
f 327/191/327 328/193/328 343/210/343 342/208/342
f 328/193/328 329/194/329 344/211/344 343/210/343
f 1748/196/1748 330/195/330 345/212/345 1749/213/1749
f 330/195/330 331/197/331 346/214/346 345/212/345
f 331/197/331 332/198/332 347/215/347 346/214/346
f 332/198/332 333/199/333 348/216/348 347/215/347
f 333/199/333 334/200/334 349/217/349 348/216/348
f 334/200/334 335/201/335 350/218/350 349/217/349
f 335/201/335 336/202/336 351/219/351 350/218/350
f 336/202/336 337/203/337 352/220/352 351/219/351
f 337/203/337 338/204/338 353/221/353 352/220/352
f 339/206/339 340/205/340 355/222/355 354/223/354
f 340/205/340 341/207/341 356/224/356 355/222/355
f 1617/209/1617 342/208/342 357/225/357 1618/226/1618
f 342/208/342 343/210/343 358/227/358 357/225/357
f 343/210/343 344/211/344 359/228/359 358/227/358
f 1749/213/1749 345/212/345 360/229/360 1750/230/1750
f 345/212/345 346/214/346 361/231/361 360/229/360
f 346/214/346 347/215/347 362/232/362 361/231/361
f 347/215/347 348/216/348 363/233/363 362/232/362
f 348/216/348 349/217/349 364/234/364 363/233/363
f 349/217/349 350/218/350 365/235/365 364/234/364
f 350/218/350 351/219/351 366/236/366 365/235/365
f 351/219/351 352/220/352 367/237/367 366/236/366
f 352/220/352 353/221/353 368/238/368 367/237/367
f 354/223/354 355/222/355 370/239/370 369/240/369
f 355/222/355 356/224/356 371/241/371 370/239/370
f 1618/226/1618 357/225/357 372/242/372 1619/243/1619
f 357/225/357 358/227/358 373/244/373 372/242/372
f 358/227/358 359/228/359 374/245/374 373/244/373
f 1750/230/1750 360/229/360 375/246/375 1751/247/1751
f 360/229/360 361/231/361 376/248/376 375/246/375
f 361/231/361 362/232/362 377/249/377 376/248/376
f 362/232/362 363/233/363 378/250/378 377/249/377
f 363/233/363 364/234/364 379/251/379 378/250/378
f 364/234/364 365/235/365 380/252/380 379/251/379
f 365/235/365 366/236/366 381/253/381 380/252/380
f 366/236/366 367/237/367 382/254/382 381/253/381
f 367/237/367 368/238/368 383/255/383 382/254/382
f 369/240/369 370/239/370 385/256/385 384/257/384
f 370/239/370 371/241/371 386/258/386 385/256/385
f 1619/243/1619 372/242/372 387/259/387 1620/260/1620
f 372/242/372 373/244/373 388/261/388 387/259/387
f 373/244/373 374/245/374 389/262/389 388/261/388
f 1751/247/1751 375/246/375 390/263/390 1752/264/1752
f 375/246/375 376/248/376 391/265/391 390/263/390
f 376/248/376 377/249/377 392/266/392 391/265/391
f 377/249/377 378/250/378 393/267/393 392/266/392
f 378/250/378 379/251/379 394/268/394 393/267/393
f 379/251/379 380/252/380 395/269/395 394/268/394
f 380/252/380 381/253/381 396/270/396 395/269/395
f 381/253/381 382/254/382 397/271/397 396/270/396
f 382/254/382 383/255/383 398/272/398 397/271/397
f 384/257/384 385/256/385 400/273/400 399/274/399
f 385/256/385 386/258/386 401/275/401 400/273/400
f 1620/260/1620 387/259/387 402/276/402 1621/277/1621
f 387/259/387 388/261/388 403/278/403 402/276/402
f 388/261/388 389/262/389 404/279/404 403/278/403
f 1752/264/1752 390/263/390 405/280/405 1753/281/1753
f 390/263/390 391/265/391 406/282/406 405/280/405
f 391/265/391 392/266/392 407/283/407 406/282/406
f 392/266/392 393/267/393 408/284/408 407/283/407
f 393/267/393 394/268/394 409/285/409 408/284/408
f 394/268/394 395/269/395 410/286/410 409/285/409
f 395/269/395 396/270/396 411/287/411 410/286/410
f 396/270/396 397/271/397 412/288/412 411/287/411
f 397/271/397 398/272/398 413/289/413 412/288/412
f 1/290/1 173/291/173 189/1/189 114/292/114
f 173/291/173 172/293/172 190/2/190 189/1/189
f 172/293/172 171/294/171 191/5/191 190/2/190
f 1606/295/1606 170/296/170 192/8/192 1607/7/1607
f 170/296/170 169/297/169 193/11/193 192/8/192
f 169/297/169 168/298/168 194/13/194 193/11/193
f 1738/299/1738 167/300/167 195/16/195 1739/15/1739
f 167/300/167 166/301/166 196/19/196 195/16/195
f 166/301/166 165/302/165 197/21/197 196/19/196
f 165/302/165 164/303/164 198/23/198 197/21/197
f 164/303/164 163/304/163 199/25/199 198/23/198
f 163/304/163 162/305/162 200/27/200 199/25/199
f 162/305/162 161/306/161 201/29/201 200/27/200
f 161/306/161 160/307/160 202/31/202 201/29/201
f 160/307/160 159/308/159 203/33/203 202/31/202
f 159/308/159 5/309/5 158/310/158 203/33/203
f 203/33/203 158/310/158 157/311/157 218/34/218
f 218/34/218 157/311/157 156/312/156 233/51/233
f 233/51/233 156/312/156 155/313/155 248/68/248
f 1557/101/1557 1541/314/1541 154/315/154 263/102/263
f 263/102/263 154/315/154 153/316/153 278/119/278
f 1687/152/1687 1671/317/1671 152/318/152 293/153/293
f 293/153/293 152/318/152 151/319/151 308/170/308
f 308/170/308 151/319/151 150/320/150 323/187/323
f 323/187/323 150/320/150 149/321/149 338/204/338
f 338/204/338 149/321/149 148/322/148 353/221/353
f 353/221/353 148/322/148 147/323/147 368/238/368
f 368/238/368 147/323/147 146/324/146 383/255/383
f 383/255/383 146/324/146 145/325/145 398/272/398
f 398/272/398 145/325/145 144/326/144 413/289/413
f 413/289/413 144/326/144 7/327/7 113/328/113
f 412/288/412 413/289/413 113/328/113 112/329/112
f 411/287/411 412/288/412 112/329/112 111/330/111
f 410/286/410 411/287/411 111/330/111 110/331/110
f 409/285/409 410/286/410 110/331/110 109/332/109
f 408/284/408 409/285/409 109/332/109 108/333/108
f 407/283/407 408/284/408 108/333/108 107/334/107
f 406/282/406 407/283/407 107/334/107 106/335/106
f 405/280/405 406/282/406 106/335/106 105/336/105
f 1753/281/1753 405/280/405 105/336/105 1736/337/1736
f 403/278/403 404/279/404 104/338/104 103/339/103
f 402/276/402 403/278/403 103/339/103 102/340/102
f 1621/277/1621 402/276/402 102/340/102 1604/341/1604
f 400/273/400 401/275/401 101/342/101 100/343/100
f 399/274/399 400/273/400 100/343/100 99/344/99
f 128/345/128 399/274/399 99/344/99 3/346/3
f 127/347/127 384/257/384 399/274/399 128/345/128
f 126/348/126 369/240/369 384/257/384 127/347/127
f 125/349/125 354/223/354 369/240/369 126/348/126
f 124/350/124 339/206/339 354/223/354 125/349/125
f 123/351/123 324/189/324 339/206/339 124/350/124
f 122/352/122 309/172/309 324/189/324 123/351/123
f 121/353/121 294/155/294 309/172/309 122/352/122
f 120/354/120 279/123/279 294/155/294 121/353/121
f 1670/355/1670 1673/120/1673 279/123/279 120/354/120
f 118/356/118 249/72/249 264/104/264 119/357/119
f 1540/358/1540 1543/69/1543 249/72/249 118/356/118
f 116/359/116 219/36/219 234/53/234 117/360/117
f 115/361/115 204/4/204 219/36/219 116/359/116
f 114/292/114 189/1/189 204/4/204 115/361/115
f 414/362/414 415/363/415 430/364/430 429/365/429
f 415/363/415 416/366/416 431/367/431 430/364/430
f 416/366/416 417/368/417 432/369/432 431/367/431
f 417/368/417 418/370/418 433/371/433 432/369/432
f 418/370/418 419/372/419 434/373/434 433/371/433
f 419/372/419 420/374/420 435/375/435 434/373/434
f 420/374/420 421/376/421 436/377/436 435/375/435
f 421/376/421 422/378/422 437/379/437 436/377/436
f 422/378/422 423/380/423 438/381/438 437/379/437
f 423/380/423 424/382/424 439/383/439 438/381/438
f 424/382/424 425/384/425 440/385/440 439/383/439
f 425/384/425 426/386/426 441/387/441 440/385/440
f 426/386/426 427/388/427 442/389/442 441/387/441
f 427/388/427 428/390/428 443/391/443 442/389/442
f 429/365/429 430/364/430 445/392/445 444/393/444
f 430/364/430 431/367/431 446/394/446 445/392/445
f 431/367/431 432/369/432 447/395/447 446/394/446
f 432/369/432 433/371/433 448/396/448 447/395/447
f 433/371/433 434/373/434 449/397/449 448/396/448
f 434/373/434 435/375/435 450/398/450 449/397/449
f 435/375/435 436/377/436 451/399/451 450/398/450
f 436/377/436 437/379/437 452/400/452 451/399/451
f 437/379/437 438/381/438 453/401/453 452/400/452
f 438/381/438 439/383/439 454/402/454 453/401/453
f 439/383/439 440/385/440 455/403/455 454/402/454
f 440/385/440 441/387/441 456/404/456 455/403/455
f 441/387/441 442/389/442 457/405/457 456/404/456
f 442/389/442 443/391/443 458/406/458 457/405/457
f 1622/407/1622 1623/408/1623 460/409/460 459/410/459
f 1623/408/1623 1624/411/1624 461/412/461 460/409/460
f 1624/411/1624 1625/413/1625 462/414/462 461/412/461
f 1625/413/1625 1626/415/1626 463/416/463 462/414/462
f 1626/415/1626 1627/417/1627 464/418/464 463/416/463
f 1627/417/1627 1628/419/1628 465/420/465 464/418/464
f 1628/419/1628 1629/421/1629 466/422/466 465/420/465
f 1629/421/1629 1630/423/1630 467/424/467 466/422/466
f 1630/423/1630 1631/425/1631 468/426/468 467/424/467
f 1631/425/1631 1632/427/1632 469/428/469 468/426/468
f 1632/427/1632 1633/429/1633 470/430/470 469/428/469
f 1633/429/1633 1634/431/1634 471/432/471 470/430/470
f 1634/431/1634 1635/433/1635 472/434/472 471/432/471
f 1635/433/1635 1636/435/1636 473/436/473 472/434/472
f 459/410/459 460/409/460 475/437/475 474/438/474
f 460/409/460 461/412/461 476/439/476 475/437/475
f 461/412/461 462/414/462 477/440/477 476/439/476
f 462/414/462 463/416/463 478/441/478 477/440/477
f 463/416/463 464/418/464 479/442/479 478/441/478
f 464/418/464 465/420/465 480/443/480 479/442/479
f 465/420/465 466/422/466 481/444/481 480/443/480
f 466/422/466 467/424/467 482/445/482 481/444/481
f 467/424/467 468/426/468 483/446/483 482/445/482
f 468/426/468 469/428/469 484/447/484 483/446/483
f 469/428/469 470/430/470 485/448/485 484/447/484
f 470/430/470 471/432/471 486/449/486 485/448/485
f 471/432/471 472/434/472 487/450/487 486/449/486
f 472/434/472 473/436/473 488/451/488 487/450/487
f 474/438/474 475/437/475 490/452/490 489/453/489
f 475/437/475 476/439/476 491/454/491 490/452/490
f 476/439/476 477/440/477 492/455/492 491/454/491
f 477/440/477 478/441/478 493/456/493 492/455/492
f 478/441/478 479/442/479 494/457/494 493/456/493
f 479/442/479 480/443/480 495/458/495 494/457/494
f 480/443/480 481/444/481 496/459/496 495/458/495
f 481/444/481 482/445/482 497/460/497 496/459/496
f 482/445/482 483/446/483 498/461/498 497/460/497
f 483/446/483 484/447/484 499/462/499 498/461/498
f 484/447/484 485/448/485 500/463/500 499/462/499
f 485/448/485 486/449/486 501/464/501 500/463/500
f 486/449/486 487/450/487 502/465/502 501/464/501
f 487/450/487 488/451/488 503/466/503 502/465/502
f 1754/467/1754 1755/468/1755 505/469/505 504/470/504
f 1755/468/1755 1756/471/1756 506/472/506 505/469/505
f 1756/471/1756 1757/473/1757 507/474/507 506/472/506
f 1757/473/1757 1758/475/1758 508/476/508 507/474/507
f 1758/475/1758 1759/477/1759 509/478/509 508/476/508
f 1759/477/1759 1760/479/1760 510/480/510 509/478/509
f 1760/479/1760 1761/481/1761 511/482/511 510/480/510
f 1761/481/1761 1762/483/1762 512/484/512 511/482/511
f 1762/483/1762 1763/485/1763 513/486/513 512/484/512
f 1763/485/1763 1764/487/1764 514/488/514 513/486/513
f 1764/487/1764 1765/489/1765 515/490/515 514/488/514
f 1765/489/1765 1766/491/1766 516/492/516 515/490/515
f 1766/491/1766 1767/493/1767 517/494/517 516/492/516
f 1767/493/1767 1768/495/1768 518/496/518 517/494/517
f 504/470/504 505/469/505 520/497/520 519/498/519
f 505/469/505 506/472/506 521/499/521 520/497/520
f 506/472/506 507/474/507 522/500/522 521/499/521
f 507/474/507 508/476/508 523/501/523 522/500/522
f 508/476/508 509/478/509 524/502/524 523/501/523
f 509/478/509 510/480/510 525/503/525 524/502/524
f 510/480/510 511/482/511 526/504/526 525/503/525
f 511/482/511 512/484/512 527/505/527 526/504/526
f 512/484/512 513/486/513 528/506/528 527/505/527
f 513/486/513 514/488/514 529/507/529 528/506/528
f 514/488/514 515/490/515 530/508/530 529/507/529
f 515/490/515 516/492/516 531/509/531 530/508/530
f 516/492/516 517/494/517 532/510/532 531/509/531
f 517/494/517 518/496/518 533/511/533 532/510/532
f 519/498/519 520/497/520 535/512/535 534/513/534
f 520/497/520 521/499/521 536/514/536 535/512/535
f 521/499/521 522/500/522 537/515/537 536/514/536
f 522/500/522 523/501/523 538/516/538 537/515/537
f 523/501/523 524/502/524 539/517/539 538/516/538
f 524/502/524 525/503/525 540/518/540 539/517/539
f 525/503/525 526/504/526 541/519/541 540/518/540
f 526/504/526 527/505/527 542/520/542 541/519/541
f 527/505/527 528/506/528 543/521/543 542/520/542
f 528/506/528 529/507/529 544/522/544 543/521/543
f 529/507/529 530/508/530 545/523/545 544/522/544
f 530/508/530 531/509/531 546/524/546 545/523/545
f 531/509/531 532/510/532 547/525/547 546/524/546
f 532/510/532 533/511/533 548/526/548 547/525/547
f 534/513/534 535/512/535 550/527/550 549/528/549
f 535/512/535 536/514/536 551/529/551 550/527/550
f 536/514/536 537/515/537 552/530/552 551/529/551
f 537/515/537 538/516/538 553/531/553 552/530/552
f 538/516/538 539/517/539 554/532/554 553/531/553
f 539/517/539 540/518/540 555/533/555 554/532/554
f 540/518/540 541/519/541 556/534/556 555/533/555
f 541/519/541 542/520/542 557/535/557 556/534/556
f 542/520/542 543/521/543 558/536/558 557/535/557
f 543/521/543 544/522/544 559/537/559 558/536/558
f 544/522/544 545/523/545 560/538/560 559/537/559
f 545/523/545 546/524/546 561/539/561 560/538/560
f 546/524/546 547/525/547 562/540/562 561/539/561
f 547/525/547 548/526/548 563/541/563 562/540/562
f 549/528/549 550/527/550 565/542/565 564/543/564
f 550/527/550 551/529/551 566/544/566 565/542/565
f 551/529/551 552/530/552 567/545/567 566/544/566
f 552/530/552 553/531/553 568/546/568 567/545/567
f 553/531/553 554/532/554 569/547/569 568/546/568
f 554/532/554 555/533/555 570/548/570 569/547/569
f 555/533/555 556/534/556 571/549/571 570/548/570
f 556/534/556 557/535/557 572/550/572 571/549/571
f 557/535/557 558/536/558 573/551/573 572/550/572
f 558/536/558 559/537/559 574/552/574 573/551/573
f 559/537/559 560/538/560 575/553/575 574/552/574
f 560/538/560 561/539/561 576/554/576 575/553/575
f 561/539/561 562/540/562 577/555/577 576/554/576
f 562/540/562 563/541/563 578/556/578 577/555/577
f 564/543/564 565/542/565 580/557/580 579/558/579
f 565/542/565 566/544/566 581/559/581 580/557/580
f 566/544/566 567/545/567 582/560/582 581/559/581
f 567/545/567 568/546/568 583/561/583 582/560/582
f 568/546/568 569/547/569 584/562/584 583/561/583
f 569/547/569 570/548/570 585/563/585 584/562/584
f 570/548/570 571/549/571 586/564/586 585/563/585
f 571/549/571 572/550/572 587/565/587 586/564/586
f 572/550/572 573/551/573 588/566/588 587/565/587
f 573/551/573 574/552/574 589/567/589 588/566/588
f 574/552/574 575/553/575 590/568/590 589/567/589
f 575/553/575 576/554/576 591/569/591 590/568/590
f 576/554/576 577/555/577 592/570/592 591/569/591
f 577/555/577 578/556/578 593/571/593 592/570/592
f 579/558/579 580/557/580 595/572/595 594/573/594
f 580/557/580 581/559/581 596/574/596 595/572/595
f 581/559/581 582/560/582 597/575/597 596/574/596
f 582/560/582 583/561/583 598/576/598 597/575/597
f 583/561/583 584/562/584 599/577/599 598/576/598
f 584/562/584 585/563/585 600/578/600 599/577/599
f 585/563/585 586/564/586 601/579/601 600/578/600
f 586/564/586 587/565/587 602/580/602 601/579/601
f 587/565/587 588/566/588 603/581/603 602/580/602
f 588/566/588 589/567/589 604/582/604 603/581/603
f 589/567/589 590/568/590 605/583/605 604/582/604
f 590/568/590 591/569/591 606/584/606 605/583/605
f 591/569/591 592/570/592 607/585/607 606/584/606
f 592/570/592 593/571/593 608/586/608 607/585/607
f 594/573/594 595/572/595 610/587/610 609/588/609
f 595/572/595 596/574/596 611/589/611 610/587/610
f 596/574/596 597/575/597 612/590/612 611/589/611
f 597/575/597 598/576/598 613/591/613 612/590/612
f 598/576/598 599/577/599 614/592/614 613/591/613
f 599/577/599 600/578/600 615/593/615 614/592/614
f 600/578/600 601/579/601 616/594/616 615/593/615
f 601/579/601 602/580/602 617/595/617 616/594/616
f 602/580/602 603/581/603 618/596/618 617/595/617
f 603/581/603 604/582/604 619/597/619 618/596/618
f 604/582/604 605/583/605 620/598/620 619/597/619
f 605/583/605 606/584/606 621/599/621 620/598/620
f 606/584/606 607/585/607 622/600/622 621/599/621
f 607/585/607 608/586/608 623/601/623 622/600/622
f 609/588/609 610/587/610 625/602/625 624/603/624
f 610/587/610 611/589/611 626/604/626 625/602/625
f 611/589/611 612/590/612 627/605/627 626/604/626
f 612/590/612 613/591/613 628/606/628 627/605/627
f 613/591/613 614/592/614 629/607/629 628/606/628
f 614/592/614 615/593/615 630/608/630 629/607/629
f 615/593/615 616/594/616 631/609/631 630/608/630
f 616/594/616 617/595/617 632/610/632 631/609/631
f 617/595/617 618/596/618 633/611/633 632/610/632
f 618/596/618 619/597/619 634/612/634 633/611/633
f 619/597/619 620/598/620 635/613/635 634/612/634
f 620/598/620 621/599/621 636/614/636 635/613/635
f 621/599/621 622/600/622 637/615/637 636/614/636
f 622/600/622 623/601/623 638/616/638 637/615/637
f 4/617/4 83/618/83 414/362/414 143/619/143
f 83/618/83 82/620/82 415/363/415 414/362/414
f 82/620/82 81/621/81 416/366/416 415/363/415
f 81/621/81 80/622/80 417/368/417 416/366/416
f 80/622/80 79/623/79 418/370/418 417/368/417
f 79/623/79 78/624/78 419/372/419 418/370/418
f 78/624/78 77/625/77 420/374/420 419/372/419
f 77/625/77 76/626/76 421/376/421 420/374/420
f 76/626/76 75/627/75 422/378/422 421/376/421
f 75/627/75 74/628/74 423/380/423 422/378/422
f 74/628/74 73/629/73 424/382/424 423/380/423
f 73/629/73 72/630/72 425/384/425 424/382/424
f 72/630/72 71/631/71 426/386/426 425/384/425
f 71/631/71 70/632/70 427/388/427 426/386/426
f 70/632/70 69/633/69 428/390/428 427/388/427
f 69/633/69 3/346/3 99/634/99 428/390/428
f 428/390/428 99/634/99 100/635/100 443/391/443
f 443/391/443 100/635/100 101/636/101 458/406/458
f 1636/435/1636 1604/637/1604 102/638/102 473/436/473
f 473/436/473 102/638/102 103/639/103 488/451/488
f 488/451/488 103/639/103 104/640/104 503/466/503
f 1768/495/1768 1736/641/1736 105/642/105 518/496/518
f 518/496/518 105/642/105 106/643/106 533/511/533
f 533/511/533 106/643/106 107/644/107 548/526/548
f 548/526/548 107/644/107 108/645/108 563/541/563
f 563/541/563 108/645/108 109/646/109 578/556/578
f 578/556/578 109/646/109 110/647/110 593/571/593
f 593/571/593 110/647/110 111/648/111 608/586/608
f 608/586/608 111/648/111 112/649/112 623/601/623
f 623/601/623 112/649/112 113/650/113 638/616/638
f 638/616/638 113/650/113 7/651/7 68/652/68
f 637/615/637 638/616/638 68/652/68 67/653/67
f 636/614/636 637/615/637 67/653/67 66/654/66
f 635/613/635 636/614/636 66/654/66 65/655/65
f 634/612/634 635/613/635 65/655/65 64/656/64
f 633/611/633 634/612/634 64/656/64 63/657/63
f 632/610/632 633/611/633 63/657/63 62/658/62
f 631/609/631 632/610/632 62/658/62 61/659/61
f 630/608/630 631/609/631 61/659/61 60/660/60
f 629/607/629 630/608/630 60/660/60 59/661/59
f 628/606/628 629/607/629 59/661/59 58/662/58
f 627/605/627 628/606/628 58/662/58 57/663/57
f 626/604/626 627/605/627 57/663/57 56/664/56
f 625/602/625 626/604/626 56/664/56 55/665/55
f 624/603/624 625/602/625 55/665/55 54/666/54
f 129/667/129 624/603/624 54/666/54 8/668/8
f 130/669/130 609/588/609 624/603/624 129/667/129
f 131/670/131 594/573/594 609/588/609 130/669/130
f 132/671/132 579/558/579 594/573/594 131/670/131
f 133/672/133 564/543/564 579/558/579 132/671/132
f 134/673/134 549/528/549 564/543/564 133/672/133
f 135/674/135 534/513/534 549/528/549 134/673/134
f 136/675/136 519/498/519 534/513/534 135/674/135
f 137/676/137 504/470/504 519/498/519 136/675/136
f 1737/677/1737 1754/467/1754 504/470/504 137/676/137
f 139/678/139 474/438/474 489/453/489 138/679/138
f 140/680/140 459/410/459 474/438/474 139/678/139
f 1605/681/1605 1622/407/1622 459/410/459 140/680/140
f 142/682/142 429/365/429 444/393/444 141/683/141
f 143/619/143 414/362/414 429/365/429 142/682/142
f 639/684/639 640/685/640 655/686/655 654/687/654
f 640/685/640 641/688/641 656/689/656 655/686/655
f 641/688/641 642/690/642 657/691/657 656/689/656
f 642/690/642 643/692/643 658/693/658 657/691/657
f 643/692/643 644/694/644 659/695/659 658/693/658
f 644/694/644 645/696/645 660/697/660 659/695/659
f 645/696/645 646/698/646 661/699/661 660/697/660
f 646/698/646 647/700/647 662/701/662 661/699/661
f 647/700/647 648/702/648 663/703/663 662/701/662
f 648/702/648 649/704/649 664/705/664 663/703/663
f 649/704/649 650/706/650 665/707/665 664/705/664
f 650/706/650 651/708/651 666/709/666 665/707/665
f 651/708/651 652/710/652 667/711/667 666/709/666
f 652/710/652 653/712/653 668/713/668 667/711/667
f 654/687/654 655/686/655 670/714/670 669/715/669
f 655/686/655 656/689/656 671/716/671 670/714/670
f 656/689/656 657/691/657 672/717/672 671/716/671
f 657/691/657 658/693/658 673/718/673 672/717/672
f 658/693/658 659/695/659 674/719/674 673/718/673
f 659/695/659 660/697/660 675/720/675 674/719/674
f 660/697/660 661/699/661 676/721/676 675/720/675
f 661/699/661 662/701/662 677/722/677 676/721/676
f 662/701/662 663/703/663 678/723/678 677/722/677
f 663/703/663 664/705/664 679/724/679 678/723/678
f 664/705/664 665/707/665 680/725/680 679/724/679
f 665/707/665 666/709/666 681/726/681 680/725/680
f 666/709/666 667/711/667 682/727/682 681/726/681
f 667/711/667 668/713/668 683/728/683 682/727/682
f 669/715/669 670/714/670 685/729/685 684/730/684
f 670/714/670 671/716/671 686/731/686 685/729/685
f 671/716/671 672/717/672 687/732/687 686/731/686
f 672/717/672 673/718/673 688/733/688 687/732/687
f 673/718/673 674/719/674 689/734/689 688/733/688
f 674/719/674 675/720/675 690/735/690 689/734/689
f 675/720/675 676/721/676 691/736/691 690/735/690
f 676/721/676 677/722/677 692/737/692 691/736/691
f 677/722/677 678/723/678 693/738/693 692/737/692
f 678/723/678 679/724/679 694/739/694 693/738/693
f 679/724/679 680/725/680 695/740/695 694/739/694
f 680/725/680 681/726/681 696/741/696 695/740/695
f 681/726/681 682/727/682 697/742/697 696/741/696
f 682/727/682 683/728/683 698/743/698 697/742/697
f 684/730/684 685/729/685 700/744/700 699/745/699
f 685/729/685 686/731/686 701/746/701 700/744/700
f 686/731/686 687/732/687 702/747/702 701/746/701
f 687/732/687 688/733/688 703/748/703 702/747/702
f 688/733/688 689/734/689 704/749/704 703/748/703
f 689/734/689 690/735/690 705/750/705 704/749/704
f 690/735/690 691/736/691 706/751/706 705/750/705
f 691/736/691 692/737/692 707/752/707 706/751/706
f 692/737/692 693/738/693 708/753/708 707/752/707
f 693/738/693 694/739/694 709/754/709 708/753/708
f 694/739/694 695/740/695 710/755/710 709/754/709
f 695/740/695 696/741/696 711/756/711 710/755/710
f 696/741/696 697/742/697 712/757/712 711/756/711
f 697/742/697 698/743/698 713/758/713 712/757/712
f 699/745/699 700/744/700 715/759/715 714/760/714
f 700/744/700 701/746/701 716/761/716 715/759/715
f 701/746/701 702/747/702 717/762/717 716/761/716
f 702/747/702 703/748/703 718/763/718 717/762/717
f 703/748/703 704/749/704 719/764/719 718/763/718
f 704/749/704 705/750/705 720/765/720 719/764/719
f 705/750/705 706/751/706 721/766/721 720/765/720
f 706/751/706 707/752/707 722/767/722 721/766/721
f 707/752/707 708/753/708 723/768/723 722/767/722
f 708/753/708 709/754/709 724/769/724 723/768/723
f 709/754/709 710/755/710 725/770/725 724/769/724
f 710/755/710 711/756/711 726/771/726 725/770/725
f 711/756/711 712/757/712 727/772/727 726/771/726
f 712/757/712 713/758/713 728/773/728 727/772/727
f 714/760/714 715/759/715 730/774/730 729/775/729
f 715/759/715 716/761/716 731/776/731 730/774/730
f 716/761/716 717/762/717 732/777/732 731/776/731
f 717/762/717 718/763/718 733/778/733 732/777/732
f 718/763/718 719/764/719 734/779/734 733/778/733
f 719/764/719 720/765/720 735/780/735 734/779/734
f 720/765/720 721/766/721 736/781/736 735/780/735
f 721/766/721 722/767/722 737/782/737 736/781/736
f 722/767/722 723/768/723 738/783/738 737/782/737
f 723/768/723 724/769/724 739/784/739 738/783/738
f 724/769/724 725/770/725 740/785/740 739/784/739
f 725/770/725 726/771/726 741/786/741 740/785/740
f 726/771/726 727/772/727 742/787/742 741/786/741
f 727/772/727 728/773/728 743/788/743 742/787/742
f 729/775/729 730/774/730 745/789/745 744/790/744
f 730/774/730 731/776/731 746/791/746 745/789/745
f 731/776/731 732/777/732 747/792/747 746/791/746
f 732/777/732 733/778/733 748/793/748 747/792/747
f 733/778/733 734/779/734 749/794/749 748/793/748
f 734/779/734 735/780/735 750/795/750 749/794/749
f 735/780/735 736/781/736 751/796/751 750/795/750
f 736/781/736 737/782/737 752/797/752 751/796/751
f 737/782/737 738/783/738 753/798/753 752/797/752
f 738/783/738 739/784/739 754/799/754 753/798/753
f 739/784/739 740/785/740 755/800/755 754/799/754
f 740/785/740 741/786/741 756/801/756 755/800/755
f 741/786/741 742/787/742 757/802/757 756/801/756
f 742/787/742 743/788/743 758/803/758 757/802/757
f 744/790/744 745/789/745 760/804/760 759/805/759
f 745/789/745 746/791/746 761/806/761 760/804/760
f 746/791/746 747/792/747 762/807/762 761/806/761
f 747/792/747 748/793/748 763/808/763 762/807/762
f 748/793/748 749/794/749 764/809/764 763/808/763
f 749/794/749 750/795/750 765/810/765 764/809/764
f 750/795/750 751/796/751 766/811/766 765/810/765
f 751/796/751 752/797/752 767/812/767 766/811/766
f 752/797/752 753/798/753 768/813/768 767/812/767
f 753/798/753 754/799/754 769/814/769 768/813/768
f 754/799/754 755/800/755 770/815/770 769/814/769
f 755/800/755 756/801/756 771/816/771 770/815/770
f 756/801/756 757/802/757 772/817/772 771/816/771
f 757/802/757 758/803/758 773/818/773 772/817/772
f 1688/819/1688 1689/820/1689 775/821/775 774/822/774
f 1689/820/1689 1690/823/1690 776/824/776 775/821/775
f 1690/823/1690 1691/825/1691 777/826/777 776/824/776
f 1691/825/1691 1692/827/1692 778/828/778 777/826/777
f 1692/827/1692 1693/829/1693 779/830/779 778/828/778
f 1693/829/1693 1694/831/1694 780/832/780 779/830/779
f 1694/831/1694 1695/833/1695 781/834/781 780/832/780
f 1695/833/1695 1696/835/1696 782/836/782 781/834/781
f 1696/835/1696 1697/837/1697 783/838/783 782/836/782
f 1697/837/1697 1698/839/1698 784/840/784 783/838/783
f 1698/839/1698 1699/841/1699 785/842/785 784/840/784
f 1699/841/1699 1700/843/1700 786/844/786 785/842/785
f 1700/843/1700 1701/845/1701 787/846/787 786/844/786
f 1701/845/1701 1702/847/1702 788/848/788 787/846/787
f 774/822/774 775/821/775 790/849/790 789/850/789
f 775/821/775 776/824/776 791/851/791 790/849/790
f 776/824/776 777/826/777 792/852/792 791/851/791
f 777/826/777 778/828/778 793/853/793 792/852/792
f 778/828/778 779/830/779 794/854/794 793/853/793
f 779/830/779 780/832/780 795/855/795 794/854/794
f 780/832/780 781/834/781 796/856/796 795/855/795
f 781/834/781 782/836/782 797/857/797 796/856/796
f 782/836/782 783/838/783 798/858/798 797/857/797
f 783/838/783 784/840/784 799/859/799 798/858/798
f 784/840/784 785/842/785 800/860/800 799/859/799
f 785/842/785 786/844/786 801/861/801 800/860/800
f 786/844/786 787/846/787 802/862/802 801/861/801
f 787/846/787 788/848/788 803/863/803 802/862/802
f 1558/864/1558 1559/865/1559 805/866/805 804/867/804
f 1559/865/1559 1560/868/1560 806/869/806 805/866/805
f 1560/868/1560 1561/870/1561 807/871/807 806/869/806
f 1561/870/1561 1562/872/1562 808/873/808 807/871/807
f 1562/872/1562 1563/874/1563 809/875/809 808/873/808
f 1563/874/1563 1564/876/1564 810/877/810 809/875/809
f 1564/876/1564 1565/878/1565 811/879/811 810/877/810
f 1565/878/1565 1566/880/1566 812/881/812 811/879/811
f 1566/880/1566 1567/882/1567 813/883/813 812/881/812
f 1567/882/1567 1568/884/1568 814/885/814 813/883/813
f 1568/884/1568 1569/886/1569 815/887/815 814/885/814
f 1569/886/1569 1570/888/1570 816/889/816 815/887/815
f 1570/888/1570 1571/890/1571 817/891/817 816/889/816
f 1571/890/1571 1572/892/1572 818/893/818 817/891/817
f 804/867/804 805/866/805 820/894/820 819/895/819
f 805/866/805 806/869/806 821/896/821 820/894/820
f 806/869/806 807/871/807 822/897/822 821/896/821
f 807/871/807 808/873/808 823/898/823 822/897/822
f 808/873/808 809/875/809 824/899/824 823/898/823
f 809/875/809 810/877/810 825/900/825 824/899/824
f 810/877/810 811/879/811 826/901/826 825/900/825
f 811/879/811 812/881/812 827/902/827 826/901/826
f 812/881/812 813/883/813 828/903/828 827/902/827
f 813/883/813 814/885/814 829/904/829 828/903/828
f 814/885/814 815/887/815 830/905/830 829/904/829
f 815/887/815 816/889/816 831/906/831 830/905/830
f 816/889/816 817/891/817 832/907/832 831/906/831
f 817/891/817 818/893/818 833/908/833 832/907/832
f 819/895/819 820/894/820 835/909/835 834/910/834
f 820/894/820 821/896/821 836/911/836 835/909/835
f 821/896/821 822/897/822 837/912/837 836/911/836
f 822/897/822 823/898/823 838/913/838 837/912/837
f 823/898/823 824/899/824 839/914/839 838/913/838
f 824/899/824 825/900/825 840/915/840 839/914/839
f 825/900/825 826/901/826 841/916/841 840/915/840
f 826/901/826 827/902/827 842/917/842 841/916/841
f 827/902/827 828/903/828 843/918/843 842/917/842
f 828/903/828 829/904/829 844/919/844 843/918/843
f 829/904/829 830/905/830 845/920/845 844/919/844
f 830/905/830 831/906/831 846/921/846 845/920/845
f 831/906/831 832/907/832 847/922/847 846/921/846
f 832/907/832 833/908/833 848/923/848 847/922/847
f 834/910/834 835/909/835 850/924/850 849/925/849
f 835/909/835 836/911/836 851/926/851 850/924/850
f 836/911/836 837/912/837 852/927/852 851/926/851
f 837/912/837 838/913/838 853/928/853 852/927/852
f 838/913/838 839/914/839 854/929/854 853/928/853
f 839/914/839 840/915/840 855/930/855 854/929/854
f 840/915/840 841/916/841 856/931/856 855/930/855
f 841/916/841 842/917/842 857/932/857 856/931/856
f 842/917/842 843/918/843 858/933/858 857/932/857
f 843/918/843 844/919/844 859/934/859 858/933/858
f 844/919/844 845/920/845 860/935/860 859/934/859
f 845/920/845 846/921/846 861/936/861 860/935/860
f 846/921/846 847/922/847 862/937/862 861/936/861
f 847/922/847 848/923/848 863/938/863 862/937/862
f 8/939/8 54/940/54 639/684/639 23/941/23
f 54/940/54 55/942/55 640/685/640 639/684/639
f 55/942/55 56/943/56 641/688/641 640/685/640
f 56/943/56 57/944/57 642/690/642 641/688/641
f 57/944/57 58/945/58 643/692/643 642/690/642
f 58/945/58 59/946/59 644/694/644 643/692/643
f 59/946/59 60/947/60 645/696/645 644/694/644
f 60/947/60 61/948/61 646/698/646 645/696/645
f 61/948/61 62/949/62 647/700/647 646/698/646
f 62/949/62 63/950/63 648/702/648 647/700/647
f 63/950/63 64/951/64 649/704/649 648/702/648
f 64/951/64 65/952/65 650/706/650 649/704/649
f 65/952/65 66/953/66 651/708/651 650/706/650
f 66/953/66 67/954/67 652/710/652 651/708/651
f 67/954/67 68/955/68 653/712/653 652/710/652
f 68/955/68 7/956/7 144/957/144 653/712/653
f 653/712/653 144/957/144 145/958/145 668/713/668
f 668/713/668 145/958/145 146/959/146 683/728/683
f 683/728/683 146/959/146 147/960/147 698/743/698
f 698/743/698 147/960/147 148/961/148 713/758/713
f 713/758/713 148/961/148 149/962/149 728/773/728
f 728/773/728 149/962/149 150/963/150 743/788/743
f 743/788/743 150/963/150 151/964/151 758/803/758
f 758/803/758 151/964/151 152/965/152 773/818/773
f 1702/847/1702 1671/966/1671 153/967/153 788/848/788
f 788/848/788 153/967/153 154/968/154 803/863/803
f 1572/892/1572 1541/969/1541 155/970/155 818/893/818
f 818/893/818 155/970/155 156/971/156 833/908/833
f 833/908/833 156/971/156 157/972/157 848/923/848
f 848/923/848 157/972/157 158/973/158 863/938/863
f 863/938/863 158/973/158 5/974/5 84/975/84
f 862/937/862 863/938/863 84/975/84 85/976/85
f 861/936/861 862/937/862 85/976/85 86/977/86
f 860/935/860 861/936/861 86/977/86 87/978/87
f 859/934/859 860/935/860 87/978/87 88/979/88
f 858/933/858 859/934/859 88/979/88 89/980/89
f 857/932/857 858/933/858 89/980/89 90/981/90
f 856/931/856 857/932/857 90/981/90 91/982/91
f 855/930/855 856/931/856 91/982/91 92/983/92
f 854/929/854 855/930/855 92/983/92 93/984/93
f 853/928/853 854/929/854 93/984/93 94/985/94
f 852/927/852 853/928/853 94/985/94 95/986/95
f 851/926/851 852/927/852 95/986/95 96/987/96
f 850/924/850 851/926/851 96/987/96 97/988/97
f 849/925/849 850/924/850 97/988/97 98/989/98
f 9/990/9 849/925/849 98/989/98 6/991/6
f 10/992/10 834/910/834 849/925/849 9/990/9
f 11/993/11 819/895/819 834/910/834 10/992/10
f 12/994/12 804/867/804 819/895/819 11/993/11
f 1539/995/1539 1558/864/1558 804/867/804 12/994/12
f 14/996/14 774/822/774 789/850/789 13/997/13
f 1669/998/1669 1688/819/1688 774/822/774 14/996/14
f 16/999/16 744/790/744 759/805/759 15/1000/15
f 17/1001/17 729/775/729 744/790/744 16/999/16
f 18/1002/18 714/760/714 729/775/729 17/1001/17
f 19/1003/19 699/745/699 714/760/714 18/1002/18
f 20/1004/20 684/730/684 699/745/699 19/1003/19
f 21/1005/21 669/715/669 684/730/684 20/1004/20
f 22/1006/22 654/687/654 669/715/669 21/1005/21
f 23/941/23 639/684/639 654/687/654 22/1006/22
f 864/1007/864 865/1008/865 880/1009/880 879/1010/879
f 865/1008/865 866/1011/866 881/1012/881 880/1009/880
f 866/1011/866 867/1013/867 882/1014/882 881/1012/881
f 867/1013/867 868/1015/868 883/1016/883 882/1014/882
f 868/1015/868 869/1017/869 884/1018/884 883/1016/883
f 869/1017/869 870/1019/870 885/1020/885 884/1018/884
f 870/1019/870 871/1021/871 886/1022/886 885/1020/885
f 871/1021/871 872/1023/872 887/1024/887 886/1022/886
f 1769/1025/1769 873/1026/873 888/1027/888 1770/1028/1770
f 873/1026/873 874/1029/874 889/1030/889 888/1027/888
f 874/1029/874 875/1031/875 890/1032/890 889/1030/889
f 1637/1033/1637 876/1034/876 891/1035/891 1638/1036/1638
f 876/1034/876 877/1037/877 892/1038/892 891/1035/891
f 877/1037/877 878/1039/878 893/1040/893 892/1038/892
f 879/1010/879 880/1009/880 895/1041/895 894/1042/894
f 880/1009/880 881/1012/881 896/1043/896 895/1041/895
f 881/1012/881 882/1014/882 897/1044/897 896/1043/896
f 882/1014/882 883/1016/883 898/1045/898 897/1044/897
f 883/1016/883 884/1018/884 899/1046/899 898/1045/898
f 884/1018/884 885/1020/885 900/1047/900 899/1046/899
f 885/1020/885 886/1022/886 901/1048/901 900/1047/900
f 886/1022/886 887/1024/887 902/1049/902 901/1048/901
f 1770/1028/1770 888/1027/888 903/1050/903 1771/1051/1771
f 888/1027/888 889/1030/889 904/1052/904 903/1050/903
f 889/1030/889 890/1032/890 905/1053/905 904/1052/904
f 1638/1036/1638 891/1035/891 906/1054/906 1639/1055/1639
f 891/1035/891 892/1038/892 907/1056/907 906/1054/906
f 892/1038/892 893/1040/893 908/1057/908 907/1056/907
f 894/1042/894 895/1041/895 910/1058/910 909/1059/909
f 895/1041/895 896/1043/896 911/1060/911 910/1058/910
f 896/1043/896 897/1044/897 912/1061/912 911/1060/911
f 897/1044/897 898/1045/898 913/1062/913 912/1061/912
f 898/1045/898 899/1046/899 914/1063/914 913/1062/913
f 899/1046/899 900/1047/900 915/1064/915 914/1063/914
f 900/1047/900 901/1048/901 916/1065/916 915/1064/915
f 901/1048/901 902/1049/902 917/1066/917 916/1065/916
f 1771/1051/1771 903/1050/903 918/1067/918 1772/1068/1772
f 903/1050/903 904/1052/904 919/1069/919 918/1067/918
f 904/1052/904 905/1053/905 920/1070/920 919/1069/919
f 1639/1055/1639 906/1054/906 921/1071/921 1640/1072/1640
f 906/1054/906 907/1056/907 922/1073/922 921/1071/921
f 907/1056/907 908/1057/908 923/1074/923 922/1073/922
f 1573/1075/1573 1574/1076/1574 925/1077/925 924/1078/924
f 1574/1076/1574 1575/1079/1575 926/1080/926 925/1077/925
f 1575/1079/1575 1576/1081/1576 927/1082/927 926/1080/926
f 1576/1081/1576 1577/1083/1577 928/1084/928 927/1082/927
f 1577/1083/1577 1578/1085/1578 929/1086/929 928/1084/928
f 1578/1085/1578 1579/1087/1579 930/1088/930 929/1086/929
f 1579/1087/1579 1580/1089/1580 931/1090/931 930/1088/930
f 1580/1089/1580 1581/1091/1581 932/1092/932 931/1090/931
f 1799/1093/1799 1582/1094/1582 933/1095/933 1773/1096/1773
f 1582/1094/1582 1583/1097/1583 934/1098/934 933/1095/933
f 1583/1097/1583 1584/1099/1584 935/1100/935 934/1098/934
f 1667/1101/1667 1585/1102/1585 936/1103/936 1641/1104/1641
f 1585/1102/1585 1586/1105/1586 937/1106/937 936/1103/936
f 1586/1105/1586 1587/1107/1587 938/1108/938 937/1106/937
f 924/1078/924 925/1077/925 940/1109/940 939/1110/939
f 925/1077/925 926/1080/926 941/1111/941 940/1109/940
f 926/1080/926 927/1082/927 942/1112/942 941/1111/941
f 927/1082/927 928/1084/928 943/1113/943 942/1112/942
f 928/1084/928 929/1086/929 944/1114/944 943/1113/943
f 929/1086/929 930/1088/930 945/1115/945 944/1114/944
f 930/1088/930 931/1090/931 946/1116/946 945/1115/945
f 931/1090/931 932/1092/932 947/1117/947 946/1116/946
f 1773/1096/1773 933/1095/933 948/1118/948 1774/1119/1774
f 933/1095/933 934/1098/934 949/1120/949 948/1118/948
f 934/1098/934 935/1100/935 950/1121/950 949/1120/949
f 1641/1104/1641 936/1103/936 951/1122/951 1642/1123/1642
f 936/1103/936 937/1106/937 952/1124/952 951/1122/951
f 937/1106/937 938/1108/938 953/1125/953 952/1124/952
f 1703/1126/1703 1704/1127/1704 955/1128/955 954/1129/954
f 1704/1127/1704 1705/1130/1705 956/1131/956 955/1128/955
f 1705/1130/1705 1706/1132/1706 957/1133/957 956/1131/956
f 1706/1132/1706 1707/1134/1707 958/1135/958 957/1133/957
f 1707/1134/1707 1708/1136/1708 959/1137/959 958/1135/958
f 1708/1136/1708 1709/1138/1709 960/1139/960 959/1137/959
f 1709/1138/1709 1710/1140/1710 961/1141/961 960/1139/960
f 1710/1140/1710 1711/1142/1711 962/1143/962 961/1141/961
f 1801/1144/1801 1712/1145/1712 963/1146/963 1775/1147/1775
f 1712/1145/1712 1713/1148/1713 964/1149/964 963/1146/963
f 1713/1148/1713 1714/1150/1714 965/1151/965 964/1149/964
f 1733/1152/1733 1715/1153/1715 966/1154/966 1643/1155/1643
f 1715/1153/1715 1716/1156/1716 967/1157/967 966/1154/966
f 1716/1156/1716 1717/1158/1717 968/1159/968 967/1157/967
f 954/1129/954 955/1128/955 970/1160/970 969/1161/969
f 955/1128/955 956/1131/956 971/1162/971 970/1160/970
f 956/1131/956 957/1133/957 972/1163/972 971/1162/971
f 957/1133/957 958/1135/958 973/1164/973 972/1163/972
f 958/1135/958 959/1137/959 974/1165/974 973/1164/973
f 959/1137/959 960/1139/960 975/1166/975 974/1165/974
f 960/1139/960 961/1141/961 976/1167/976 975/1166/975
f 961/1141/961 962/1143/962 977/1168/977 976/1167/976
f 1775/1147/1775 963/1146/963 978/1169/978 1776/1170/1776
f 963/1146/963 964/1149/964 979/1171/979 978/1169/978
f 964/1149/964 965/1151/965 980/1172/980 979/1171/979
f 1643/1155/1643 966/1154/966 981/1173/981 1644/1174/1644
f 966/1154/966 967/1157/967 982/1175/982 981/1173/981
f 967/1157/967 968/1159/968 983/1176/983 982/1175/982
f 969/1161/969 970/1160/970 985/1177/985 984/1178/984
f 970/1160/970 971/1162/971 986/1179/986 985/1177/985
f 971/1162/971 972/1163/972 987/1180/987 986/1179/986
f 972/1163/972 973/1164/973 988/1181/988 987/1180/987
f 973/1164/973 974/1165/974 989/1182/989 988/1181/988
f 974/1165/974 975/1166/975 990/1183/990 989/1182/989
f 975/1166/975 976/1167/976 991/1184/991 990/1183/990
f 976/1167/976 977/1168/977 992/1185/992 991/1184/991
f 1776/1170/1776 978/1169/978 993/1186/993 1777/1187/1777
f 978/1169/978 979/1171/979 994/1188/994 993/1186/993
f 979/1171/979 980/1172/980 995/1189/995 994/1188/994
f 1644/1174/1644 981/1173/981 996/1190/996 1645/1191/1645
f 981/1173/981 982/1175/982 997/1192/997 996/1190/996
f 982/1175/982 983/1176/983 998/1193/998 997/1192/997
f 984/1178/984 985/1177/985 1000/1194/1000 999/1195/999
f 985/1177/985 986/1179/986 1001/1196/1001 1000/1194/1000
f 986/1179/986 987/1180/987 1002/1197/1002 1001/1196/1001
f 987/1180/987 988/1181/988 1003/1198/1003 1002/1197/1002
f 988/1181/988 989/1182/989 1004/1199/1004 1003/1198/1003
f 989/1182/989 990/1183/990 1005/1200/1005 1004/1199/1004
f 990/1183/990 991/1184/991 1006/1201/1006 1005/1200/1005
f 991/1184/991 992/1185/992 1007/1202/1007 1006/1201/1006
f 1777/1187/1777 993/1186/993 1008/1203/1008 1778/1204/1778
f 993/1186/993 994/1188/994 1009/1205/1009 1008/1203/1008
f 994/1188/994 995/1189/995 1010/1206/1010 1009/1205/1009
f 1645/1191/1645 996/1190/996 1011/1207/1011 1646/1208/1646
f 996/1190/996 997/1192/997 1012/1209/1012 1011/1207/1011
f 997/1192/997 998/1193/998 1013/1210/1013 1012/1209/1012
f 999/1195/999 1000/1194/1000 1015/1211/1015 1014/1212/1014
f 1000/1194/1000 1001/1196/1001 1016/1213/1016 1015/1211/1015
f 1001/1196/1001 1002/1197/1002 1017/1214/1017 1016/1213/1016
f 1002/1197/1002 1003/1198/1003 1018/1215/1018 1017/1214/1017
f 1003/1198/1003 1004/1199/1004 1019/1216/1019 1018/1215/1018
f 1004/1199/1004 1005/1200/1005 1020/1217/1020 1019/1216/1019
f 1005/1200/1005 1006/1201/1006 1021/1218/1021 1020/1217/1020
f 1006/1201/1006 1007/1202/1007 1022/1219/1022 1021/1218/1021
f 1778/1204/1778 1008/1203/1008 1023/1220/1023 1779/1221/1779
f 1008/1203/1008 1009/1205/1009 1024/1222/1024 1023/1220/1023
f 1009/1205/1009 1010/1206/1010 1025/1223/1025 1024/1222/1024
f 1646/1208/1646 1011/1207/1011 1026/1224/1026 1647/1225/1647
f 1011/1207/1011 1012/1209/1012 1027/1226/1027 1026/1224/1026
f 1012/1209/1012 1013/1210/1013 1028/1227/1028 1027/1226/1027
f 1014/1212/1014 1015/1211/1015 1030/1228/1030 1029/1229/1029
f 1015/1211/1015 1016/1213/1016 1031/1230/1031 1030/1228/1030
f 1016/1213/1016 1017/1214/1017 1032/1231/1032 1031/1230/1031
f 1017/1214/1017 1018/1215/1018 1033/1232/1033 1032/1231/1032
f 1018/1215/1018 1019/1216/1019 1034/1233/1034 1033/1232/1033
f 1019/1216/1019 1020/1217/1020 1035/1234/1035 1034/1233/1034
f 1020/1217/1020 1021/1218/1021 1036/1235/1036 1035/1234/1035
f 1021/1218/1021 1022/1219/1022 1037/1236/1037 1036/1235/1036
f 1779/1221/1779 1023/1220/1023 1038/1237/1038 1780/1238/1780
f 1023/1220/1023 1024/1222/1024 1039/1239/1039 1038/1237/1038
f 1024/1222/1024 1025/1223/1025 1040/1240/1040 1039/1239/1039
f 1647/1225/1647 1026/1224/1026 1041/1241/1041 1648/1242/1648
f 1026/1224/1026 1027/1226/1027 1042/1243/1042 1041/1241/1041
f 1027/1226/1027 1028/1227/1028 1043/1244/1043 1042/1243/1042
f 1029/1229/1029 1030/1228/1030 1045/1245/1045 1044/1246/1044
f 1030/1228/1030 1031/1230/1031 1046/1247/1046 1045/1245/1045
f 1031/1230/1031 1032/1231/1032 1047/1248/1047 1046/1247/1046
f 1032/1231/1032 1033/1232/1033 1048/1249/1048 1047/1248/1047
f 1033/1232/1033 1034/1233/1034 1049/1250/1049 1048/1249/1048
f 1034/1233/1034 1035/1234/1035 1050/1251/1050 1049/1250/1049
f 1035/1234/1035 1036/1235/1036 1051/1252/1051 1050/1251/1050
f 1036/1235/1036 1037/1236/1037 1052/1253/1052 1051/1252/1051
f 1780/1238/1780 1038/1237/1038 1053/1254/1053 1781/1255/1781
f 1038/1237/1038 1039/1239/1039 1054/1256/1054 1053/1254/1053
f 1039/1239/1039 1040/1240/1040 1055/1257/1055 1054/1256/1054
f 1648/1242/1648 1041/1241/1041 1056/1258/1056 1649/1259/1649
f 1041/1241/1041 1042/1243/1042 1057/1260/1057 1056/1258/1056
f 1042/1243/1042 1043/1244/1043 1058/1261/1058 1057/1260/1057
f 1044/1246/1044 1045/1245/1045 1060/1262/1060 1059/1263/1059
f 1045/1245/1045 1046/1247/1046 1061/1264/1061 1060/1262/1060
f 1046/1247/1046 1047/1248/1047 1062/1265/1062 1061/1264/1061
f 1047/1248/1047 1048/1249/1048 1063/1266/1063 1062/1265/1062
f 1048/1249/1048 1049/1250/1049 1064/1267/1064 1063/1266/1063
f 1049/1250/1049 1050/1251/1050 1065/1268/1065 1064/1267/1064
f 1050/1251/1050 1051/1252/1051 1066/1269/1066 1065/1268/1065
f 1051/1252/1051 1052/1253/1052 1067/1270/1067 1066/1269/1066
f 1781/1255/1781 1053/1254/1053 1068/1271/1068 1782/1272/1782
f 1053/1254/1053 1054/1256/1054 1069/1273/1069 1068/1271/1068
f 1054/1256/1054 1055/1257/1055 1070/1274/1070 1069/1273/1069
f 1649/1259/1649 1056/1258/1056 1071/1275/1071 1650/1276/1650
f 1056/1258/1056 1057/1260/1057 1072/1277/1072 1071/1275/1071
f 1057/1260/1057 1058/1261/1058 1073/1278/1073 1072/1277/1072
f 1059/1263/1059 1060/1262/1060 1075/1279/1075 1074/1280/1074
f 1060/1262/1060 1061/1264/1061 1076/1281/1076 1075/1279/1075
f 1061/1264/1061 1062/1265/1062 1077/1282/1077 1076/1281/1076
f 1062/1265/1062 1063/1266/1063 1078/1283/1078 1077/1282/1077
f 1063/1266/1063 1064/1267/1064 1079/1284/1079 1078/1283/1078
f 1064/1267/1064 1065/1268/1065 1080/1285/1080 1079/1284/1079
f 1065/1268/1065 1066/1269/1066 1081/1286/1081 1080/1285/1080
f 1066/1269/1066 1067/1270/1067 1082/1287/1082 1081/1286/1081
f 1782/1272/1782 1068/1271/1068 1083/1288/1083 1783/1289/1783
f 1068/1271/1068 1069/1273/1069 1084/1290/1084 1083/1288/1083
f 1069/1273/1069 1070/1274/1070 1085/1291/1085 1084/1290/1084
f 1650/1276/1650 1071/1275/1071 1086/1292/1086 1651/1293/1651
f 1071/1275/1071 1072/1277/1072 1087/1294/1087 1086/1292/1086
f 1072/1277/1072 1073/1278/1073 1088/1295/1088 1087/1294/1087
f 6/1296/6 38/1297/38 864/1007/864 9/1298/9
f 38/1297/38 37/1299/37 865/1008/865 864/1007/864
f 37/1299/37 36/1300/36 866/1011/866 865/1008/865
f 36/1300/36 35/1301/35 867/1013/867 866/1011/866
f 35/1301/35 34/1302/34 868/1015/868 867/1013/867
f 34/1302/34 33/1303/33 869/1017/869 868/1015/868
f 33/1303/33 32/1304/32 870/1019/870 869/1017/869
f 32/1304/32 31/1305/31 871/1021/871 870/1019/870
f 31/1305/31 30/1306/30 872/1023/872 871/1021/871
f 1735/1307/1735 29/1308/29 873/1026/873 1769/1025/1769
f 29/1308/29 28/1309/28 874/1029/874 873/1026/873
f 28/1309/28 27/1310/27 875/1031/875 874/1029/874
f 1603/1311/1603 26/1312/26 876/1034/876 1637/1033/1637
f 26/1312/26 25/1313/25 877/1037/877 876/1034/876
f 25/1313/25 24/1314/24 878/1039/878 877/1037/877
f 24/1314/24 2/1315/2 188/1316/188 878/1039/878
f 878/1039/878 188/1316/188 187/1317/187 893/1040/893
f 893/1040/893 187/1317/187 186/1318/186 908/1057/908
f 908/1057/908 186/1318/186 185/1319/185 923/1074/923
f 1587/1107/1587 1542/1320/1542 184/1321/184 938/1108/938
f 938/1108/938 184/1321/184 183/1322/183 953/1125/953
f 1717/1158/1717 1672/1323/1672 182/1324/182 968/1159/968
f 968/1159/968 182/1324/182 181/1325/181 983/1176/983
f 983/1176/983 181/1325/181 180/1326/180 998/1193/998
f 998/1193/998 180/1326/180 179/1327/179 1013/1210/1013
f 1013/1210/1013 179/1327/179 178/1328/178 1028/1227/1028
f 1028/1227/1028 178/1328/178 177/1329/177 1043/1244/1043
f 1043/1244/1043 177/1329/177 176/1330/176 1058/1261/1058
f 1058/1261/1058 176/1330/176 175/1331/175 1073/1278/1073
f 1073/1278/1073 175/1331/175 174/1332/174 1088/1295/1088
f 1088/1295/1088 174/1332/174 4/617/4 143/1333/143
f 1087/1294/1087 1088/1295/1088 143/1333/143 142/1334/142
f 1086/1292/1086 1087/1294/1087 142/1334/142 141/1335/141
f 1651/1293/1651 1086/1292/1086 141/1335/141 1605/1336/1605
f 1084/1290/1084 1085/1291/1085 140/1337/140 139/1338/139
f 1083/1288/1083 1084/1290/1084 139/1338/139 138/1339/138
f 1783/1289/1783 1083/1288/1083 138/1339/138 1737/1340/1737
f 1081/1286/1081 1082/1287/1082 137/1341/137 136/1342/136
f 1080/1285/1080 1081/1286/1081 136/1342/136 135/1343/135
f 1079/1284/1079 1080/1285/1080 135/1343/135 134/1344/134
f 1078/1283/1078 1079/1284/1079 134/1344/134 133/1345/133
f 1077/1282/1077 1078/1283/1078 133/1345/133 132/1346/132
f 1076/1281/1076 1077/1282/1077 132/1346/132 131/1347/131
f 1075/1279/1075 1076/1281/1076 131/1347/131 130/1348/130
f 1074/1280/1074 1075/1279/1075 130/1348/130 129/1349/129
f 23/1350/23 1074/1280/1074 129/1349/129 8/1351/8
f 22/1352/22 1059/1263/1059 1074/1280/1074 23/1350/23
f 21/1353/21 1044/1246/1044 1059/1263/1059 22/1352/22
f 20/1354/20 1029/1229/1029 1044/1246/1044 21/1353/21
f 19/1355/19 1014/1212/1014 1029/1229/1029 20/1354/20
f 18/1356/18 999/1195/999 1014/1212/1014 19/1355/19
f 17/1357/17 984/1178/984 999/1195/999 18/1356/18
f 16/1358/16 969/1161/969 984/1178/984 17/1357/17
f 15/1359/15 954/1129/954 969/1161/969 16/1358/16
f 1669/1360/1669 1703/1126/1703 954/1129/954 15/1359/15
f 13/1361/13 924/1078/924 939/1110/939 14/1362/14
f 1539/1363/1539 1573/1075/1573 924/1078/924 13/1361/13
f 11/1364/11 894/1042/894 909/1059/909 12/1365/12
f 10/1366/10 879/1010/879 894/1042/894 11/1364/11
f 9/1298/9 864/1007/864 879/1010/879 10/1366/10
f 1089/1367/1089 1090/1368/1090 1105/1369/1105 1104/1370/1104
f 1090/1368/1090 1091/1371/1091 1106/1372/1106 1105/1369/1105
f 1091/1371/1091 1092/1373/1092 1107/1374/1107 1106/1372/1106
f 1092/1373/1092 1093/1375/1093 1108/1376/1108 1107/1374/1107
f 1093/1375/1093 1094/1377/1094 1109/1378/1109 1108/1376/1108
f 1094/1377/1094 1095/1379/1095 1110/1380/1110 1109/1378/1109
f 1095/1379/1095 1096/1381/1096 1111/1382/1111 1110/1380/1110
f 1096/1381/1096 1097/1383/1097 1112/1384/1112 1111/1382/1111
f 1097/1383/1097 1098/1385/1098 1113/1386/1113 1112/1384/1112
f 1098/1385/1098 1099/1387/1099 1114/1388/1114 1113/1386/1113
f 1099/1387/1099 1100/1389/1100 1115/1390/1115 1114/1388/1114
f 1100/1389/1100 1101/1391/1101 1116/1392/1116 1115/1390/1115
f 1101/1391/1101 1102/1393/1102 1117/1394/1117 1116/1392/1116
f 1102/1393/1102 1103/1395/1103 1118/1396/1118 1117/1394/1117
f 1104/1370/1104 1105/1369/1105 1120/1397/1120 1119/1398/1119
f 1105/1369/1105 1106/1372/1106 1121/1399/1121 1120/1397/1120
f 1106/1372/1106 1107/1374/1107 1122/1400/1122 1121/1399/1121
f 1107/1374/1107 1108/1376/1108 1123/1401/1123 1122/1400/1122
f 1108/1376/1108 1109/1378/1109 1124/1402/1124 1123/1401/1123
f 1109/1378/1109 1110/1380/1110 1125/1403/1125 1124/1402/1124
f 1110/1380/1110 1111/1382/1111 1126/1404/1126 1125/1403/1125
f 1111/1382/1111 1112/1384/1112 1127/1405/1127 1126/1404/1126
f 1112/1384/1112 1113/1386/1113 1128/1406/1128 1127/1405/1127
f 1113/1386/1113 1114/1388/1114 1129/1407/1129 1128/1406/1128
f 1114/1388/1114 1115/1390/1115 1130/1408/1130 1129/1407/1129
f 1115/1390/1115 1116/1392/1116 1131/1409/1131 1130/1408/1130
f 1116/1392/1116 1117/1394/1117 1132/1410/1132 1131/1409/1131
f 1117/1394/1117 1118/1396/1118 1133/1411/1133 1132/1410/1132
f 1119/1398/1119 1120/1397/1120 1135/1412/1135 1134/1413/1134
f 1120/1397/1120 1121/1399/1121 1136/1414/1136 1135/1412/1135
f 1121/1399/1121 1122/1400/1122 1137/1415/1137 1136/1414/1136
f 1122/1400/1122 1123/1401/1123 1138/1416/1138 1137/1415/1137
f 1123/1401/1123 1124/1402/1124 1139/1417/1139 1138/1416/1138
f 1124/1402/1124 1125/1403/1125 1140/1418/1140 1139/1417/1139
f 1125/1403/1125 1126/1404/1126 1141/1419/1141 1140/1418/1140
f 1126/1404/1126 1127/1405/1127 1142/1420/1142 1141/1419/1141
f 1127/1405/1127 1128/1406/1128 1143/1421/1143 1142/1420/1142
f 1128/1406/1128 1129/1407/1129 1144/1422/1144 1143/1421/1143
f 1129/1407/1129 1130/1408/1130 1145/1423/1145 1144/1422/1144
f 1130/1408/1130 1131/1409/1131 1146/1424/1146 1145/1423/1145
f 1131/1409/1131 1132/1410/1132 1147/1425/1147 1146/1424/1146
f 1132/1410/1132 1133/1411/1133 1148/1426/1148 1147/1425/1147
f 1588/1427/1588 1589/1428/1589 1150/1429/1150 1149/1430/1149
f 1589/1428/1589 1590/1431/1590 1151/1432/1151 1150/1429/1150
f 1590/1431/1590 1591/1433/1591 1152/1434/1152 1151/1432/1151
f 1591/1433/1591 1592/1435/1592 1153/1436/1153 1152/1434/1152
f 1592/1435/1592 1593/1437/1593 1154/1438/1154 1153/1436/1153
f 1593/1437/1593 1594/1439/1594 1155/1440/1155 1154/1438/1154
f 1594/1439/1594 1595/1441/1595 1156/1442/1156 1155/1440/1155
f 1595/1441/1595 1596/1443/1596 1157/1444/1157 1156/1442/1156
f 1596/1443/1596 1597/1445/1597 1158/1446/1158 1157/1444/1157
f 1597/1445/1597 1598/1447/1598 1159/1448/1159 1158/1446/1158
f 1598/1447/1598 1599/1449/1599 1160/1450/1160 1159/1448/1159
f 1599/1449/1599 1600/1451/1600 1161/1452/1161 1160/1450/1160
f 1600/1451/1600 1601/1453/1601 1162/1454/1162 1161/1452/1161
f 1601/1453/1601 1602/1455/1602 1163/1456/1163 1162/1454/1162
f 1149/1430/1149 1150/1429/1150 1165/1457/1165 1164/1458/1164
f 1150/1429/1150 1151/1432/1151 1166/1459/1166 1165/1457/1165
f 1151/1432/1151 1152/1434/1152 1167/1460/1167 1166/1459/1166
f 1152/1434/1152 1153/1436/1153 1168/1461/1168 1167/1460/1167
f 1153/1436/1153 1154/1438/1154 1169/1462/1169 1168/1461/1168
f 1154/1438/1154 1155/1440/1155 1170/1463/1170 1169/1462/1169
f 1155/1440/1155 1156/1442/1156 1171/1464/1171 1170/1463/1170
f 1156/1442/1156 1157/1444/1157 1172/1465/1172 1171/1464/1171
f 1157/1444/1157 1158/1446/1158 1173/1466/1173 1172/1465/1172
f 1158/1446/1158 1159/1448/1159 1174/1467/1174 1173/1466/1173
f 1159/1448/1159 1160/1450/1160 1175/1468/1175 1174/1467/1174
f 1160/1450/1160 1161/1452/1161 1176/1469/1176 1175/1468/1175
f 1161/1452/1161 1162/1454/1162 1177/1470/1177 1176/1469/1176
f 1162/1454/1162 1163/1456/1163 1178/1471/1178 1177/1470/1177
f 1718/1472/1718 1719/1473/1719 1180/1474/1180 1179/1475/1179
f 1719/1473/1719 1720/1476/1720 1181/1477/1181 1180/1474/1180
f 1720/1476/1720 1721/1478/1721 1182/1479/1182 1181/1477/1181
f 1721/1478/1721 1722/1480/1722 1183/1481/1183 1182/1479/1182
f 1722/1480/1722 1723/1482/1723 1184/1483/1184 1183/1481/1183
f 1723/1482/1723 1724/1484/1724 1185/1485/1185 1184/1483/1184
f 1724/1484/1724 1725/1486/1725 1186/1487/1186 1185/1485/1185
f 1725/1486/1725 1726/1488/1726 1187/1489/1187 1186/1487/1186
f 1726/1488/1726 1727/1490/1727 1188/1491/1188 1187/1489/1187
f 1727/1490/1727 1728/1492/1728 1189/1493/1189 1188/1491/1188
f 1728/1492/1728 1729/1494/1729 1190/1495/1190 1189/1493/1189
f 1729/1494/1729 1730/1496/1730 1191/1497/1191 1190/1495/1190
f 1730/1496/1730 1731/1498/1731 1192/1499/1192 1191/1497/1191
f 1731/1498/1731 1732/1500/1732 1193/1501/1193 1192/1499/1192
f 1179/1475/1179 1180/1474/1180 1195/1502/1195 1194/1503/1194
f 1180/1474/1180 1181/1477/1181 1196/1504/1196 1195/1502/1195
f 1181/1477/1181 1182/1479/1182 1197/1505/1197 1196/1504/1196
f 1182/1479/1182 1183/1481/1183 1198/1506/1198 1197/1505/1197
f 1183/1481/1183 1184/1483/1184 1199/1507/1199 1198/1506/1198
f 1184/1483/1184 1185/1485/1185 1200/1508/1200 1199/1507/1199
f 1185/1485/1185 1186/1487/1186 1201/1509/1201 1200/1508/1200
f 1186/1487/1186 1187/1489/1187 1202/1510/1202 1201/1509/1201
f 1187/1489/1187 1188/1491/1188 1203/1511/1203 1202/1510/1202
f 1188/1491/1188 1189/1493/1189 1204/1512/1204 1203/1511/1203
f 1189/1493/1189 1190/1495/1190 1205/1513/1205 1204/1512/1204
f 1190/1495/1190 1191/1497/1191 1206/1514/1206 1205/1513/1205
f 1191/1497/1191 1192/1499/1192 1207/1515/1207 1206/1514/1206
f 1192/1499/1192 1193/1501/1193 1208/1516/1208 1207/1515/1207
f 1194/1503/1194 1195/1502/1195 1210/1517/1210 1209/1518/1209
f 1195/1502/1195 1196/1504/1196 1211/1519/1211 1210/1517/1210
f 1196/1504/1196 1197/1505/1197 1212/1520/1212 1211/1519/1211
f 1197/1505/1197 1198/1506/1198 1213/1521/1213 1212/1520/1212
f 1198/1506/1198 1199/1507/1199 1214/1522/1214 1213/1521/1213
f 1199/1507/1199 1200/1508/1200 1215/1523/1215 1214/1522/1214
f 1200/1508/1200 1201/1509/1201 1216/1524/1216 1215/1523/1215
f 1201/1509/1201 1202/1510/1202 1217/1525/1217 1216/1524/1216
f 1202/1510/1202 1203/1511/1203 1218/1526/1218 1217/1525/1217
f 1203/1511/1203 1204/1512/1204 1219/1527/1219 1218/1526/1218
f 1204/1512/1204 1205/1513/1205 1220/1528/1220 1219/1527/1219
f 1205/1513/1205 1206/1514/1206 1221/1529/1221 1220/1528/1220
f 1206/1514/1206 1207/1515/1207 1222/1530/1222 1221/1529/1221
f 1207/1515/1207 1208/1516/1208 1223/1531/1223 1222/1530/1222
f 1209/1518/1209 1210/1517/1210 1225/1532/1225 1224/1533/1224
f 1210/1517/1210 1211/1519/1211 1226/1534/1226 1225/1532/1225
f 1211/1519/1211 1212/1520/1212 1227/1535/1227 1226/1534/1226
f 1212/1520/1212 1213/1521/1213 1228/1536/1228 1227/1535/1227
f 1213/1521/1213 1214/1522/1214 1229/1537/1229 1228/1536/1228
f 1214/1522/1214 1215/1523/1215 1230/1538/1230 1229/1537/1229
f 1215/1523/1215 1216/1524/1216 1231/1539/1231 1230/1538/1230
f 1216/1524/1216 1217/1525/1217 1232/1540/1232 1231/1539/1231
f 1217/1525/1217 1218/1526/1218 1233/1541/1233 1232/1540/1232
f 1218/1526/1218 1219/1527/1219 1234/1542/1234 1233/1541/1233
f 1219/1527/1219 1220/1528/1220 1235/1543/1235 1234/1542/1234
f 1220/1528/1220 1221/1529/1221 1236/1544/1236 1235/1543/1235
f 1221/1529/1221 1222/1530/1222 1237/1545/1237 1236/1544/1236
f 1222/1530/1222 1223/1531/1223 1238/1546/1238 1237/1545/1237
f 1224/1533/1224 1225/1532/1225 1240/1547/1240 1239/1548/1239
f 1225/1532/1225 1226/1534/1226 1241/1549/1241 1240/1547/1240
f 1226/1534/1226 1227/1535/1227 1242/1550/1242 1241/1549/1241
f 1227/1535/1227 1228/1536/1228 1243/1551/1243 1242/1550/1242
f 1228/1536/1228 1229/1537/1229 1244/1552/1244 1243/1551/1243
f 1229/1537/1229 1230/1538/1230 1245/1553/1245 1244/1552/1244
f 1230/1538/1230 1231/1539/1231 1246/1554/1246 1245/1553/1245
f 1231/1539/1231 1232/1540/1232 1247/1555/1247 1246/1554/1246
f 1232/1540/1232 1233/1541/1233 1248/1556/1248 1247/1555/1247
f 1233/1541/1233 1234/1542/1234 1249/1557/1249 1248/1556/1248
f 1234/1542/1234 1235/1543/1235 1250/1558/1250 1249/1557/1249
f 1235/1543/1235 1236/1544/1236 1251/1559/1251 1250/1558/1250
f 1236/1544/1236 1237/1545/1237 1252/1560/1252 1251/1559/1251
f 1237/1545/1237 1238/1546/1238 1253/1561/1253 1252/1560/1252
f 1239/1548/1239 1240/1547/1240 1255/1562/1255 1254/1563/1254
f 1240/1547/1240 1241/1549/1241 1256/1564/1256 1255/1562/1255
f 1241/1549/1241 1242/1550/1242 1257/1565/1257 1256/1564/1256
f 1242/1550/1242 1243/1551/1243 1258/1566/1258 1257/1565/1257
f 1243/1551/1243 1244/1552/1244 1259/1567/1259 1258/1566/1258
f 1244/1552/1244 1245/1553/1245 1260/1568/1260 1259/1567/1259
f 1245/1553/1245 1246/1554/1246 1261/1569/1261 1260/1568/1260
f 1246/1554/1246 1247/1555/1247 1262/1570/1262 1261/1569/1261
f 1247/1555/1247 1248/1556/1248 1263/1571/1263 1262/1570/1262
f 1248/1556/1248 1249/1557/1249 1264/1572/1264 1263/1571/1263
f 1249/1557/1249 1250/1558/1250 1265/1573/1265 1264/1572/1264
f 1250/1558/1250 1251/1559/1251 1266/1574/1266 1265/1573/1265
f 1251/1559/1251 1252/1560/1252 1267/1575/1267 1266/1574/1266
f 1252/1560/1252 1253/1561/1253 1268/1576/1268 1267/1575/1267
f 1254/1563/1254 1255/1562/1255 1270/1577/1270 1269/1578/1269
f 1255/1562/1255 1256/1564/1256 1271/1579/1271 1270/1577/1270
f 1256/1564/1256 1257/1565/1257 1272/1580/1272 1271/1579/1271
f 1257/1565/1257 1258/1566/1258 1273/1581/1273 1272/1580/1272
f 1258/1566/1258 1259/1567/1259 1274/1582/1274 1273/1581/1273
f 1259/1567/1259 1260/1568/1260 1275/1583/1275 1274/1582/1274
f 1260/1568/1260 1261/1569/1261 1276/1584/1276 1275/1583/1275
f 1261/1569/1261 1262/1570/1262 1277/1585/1277 1276/1584/1276
f 1262/1570/1262 1263/1571/1263 1278/1586/1278 1277/1585/1277
f 1263/1571/1263 1264/1572/1264 1279/1587/1279 1278/1586/1278
f 1264/1572/1264 1265/1573/1265 1280/1588/1280 1279/1587/1279
f 1265/1573/1265 1266/1574/1266 1281/1589/1281 1280/1588/1280
f 1266/1574/1266 1267/1575/1267 1282/1590/1282 1281/1589/1281
f 1267/1575/1267 1268/1576/1268 1283/1591/1283 1282/1590/1282
f 1269/1578/1269 1270/1577/1270 1285/1592/1285 1284/1593/1284
f 1270/1577/1270 1271/1579/1271 1286/1594/1286 1285/1592/1285
f 1271/1579/1271 1272/1580/1272 1287/1595/1287 1286/1594/1286
f 1272/1580/1272 1273/1581/1273 1288/1596/1288 1287/1595/1287
f 1273/1581/1273 1274/1582/1274 1289/1597/1289 1288/1596/1288
f 1274/1582/1274 1275/1583/1275 1290/1598/1290 1289/1597/1289
f 1275/1583/1275 1276/1584/1276 1291/1599/1291 1290/1598/1290
f 1276/1584/1276 1277/1585/1277 1292/1600/1292 1291/1599/1291
f 1277/1585/1277 1278/1586/1278 1293/1601/1293 1292/1600/1292
f 1278/1586/1278 1279/1587/1279 1294/1602/1294 1293/1601/1293
f 1279/1587/1279 1280/1588/1280 1295/1603/1295 1294/1602/1294
f 1280/1588/1280 1281/1589/1281 1296/1604/1296 1295/1603/1295
f 1281/1589/1281 1282/1590/1282 1297/1605/1297 1296/1604/1296
f 1282/1590/1282 1283/1591/1283 1298/1606/1298 1297/1605/1297
f 1284/1593/1284 1285/1592/1285 1300/1607/1300 1299/1608/1299
f 1285/1592/1285 1286/1594/1286 1301/1609/1301 1300/1607/1300
f 1286/1594/1286 1287/1595/1287 1302/1610/1302 1301/1609/1301
f 1287/1595/1287 1288/1596/1288 1303/1611/1303 1302/1610/1302
f 1288/1596/1288 1289/1597/1289 1304/1612/1304 1303/1611/1303
f 1289/1597/1289 1290/1598/1290 1305/1613/1305 1304/1612/1304
f 1290/1598/1290 1291/1599/1291 1306/1614/1306 1305/1613/1305
f 1291/1599/1291 1292/1600/1292 1307/1615/1307 1306/1614/1306
f 1292/1600/1292 1293/1601/1293 1308/1616/1308 1307/1615/1307
f 1293/1601/1293 1294/1602/1294 1309/1617/1309 1308/1616/1308
f 1294/1602/1294 1295/1603/1295 1310/1618/1310 1309/1617/1309
f 1295/1603/1295 1296/1604/1296 1311/1619/1311 1310/1618/1310
f 1296/1604/1296 1297/1605/1297 1312/1620/1312 1311/1619/1311
f 1297/1605/1297 1298/1606/1298 1313/1621/1313 1312/1620/1312
f 2/1315/2 53/1622/53 1089/1367/1089 188/1316/188
f 53/1622/53 52/1623/52 1090/1368/1090 1089/1367/1089
f 52/1623/52 51/1624/51 1091/1371/1091 1090/1368/1090
f 51/1624/51 50/1625/50 1092/1373/1092 1091/1371/1091
f 50/1625/50 49/1626/49 1093/1375/1093 1092/1373/1092
f 49/1626/49 48/1627/48 1094/1377/1094 1093/1375/1093
f 48/1627/48 47/1628/47 1095/1379/1095 1094/1377/1094
f 47/1628/47 46/1629/46 1096/1381/1096 1095/1379/1095
f 46/1629/46 45/1630/45 1097/1383/1097 1096/1381/1096
f 45/1630/45 44/1631/44 1098/1385/1098 1097/1383/1097
f 44/1631/44 43/1632/43 1099/1387/1099 1098/1385/1098
f 43/1632/43 42/1633/42 1100/1389/1100 1099/1387/1099
f 42/1633/42 41/1634/41 1101/1391/1101 1100/1389/1100
f 41/1634/41 40/1635/40 1102/1393/1102 1101/1391/1101
f 40/1635/40 39/1636/39 1103/1395/1103 1102/1393/1102
f 39/1636/39 1/290/1 114/292/114 1103/1395/1103
f 1103/1395/1103 114/292/114 115/361/115 1118/1396/1118
f 1118/1396/1118 115/361/115 116/359/116 1133/1411/1133
f 1133/1411/1133 116/359/116 117/360/117 1148/1426/1148
f 1602/1455/1602 1540/358/1540 118/356/118 1163/1456/1163
f 1163/1456/1163 118/356/118 119/357/119 1178/1471/1178
f 1732/1500/1732 1670/355/1670 120/354/120 1193/1501/1193
f 1193/1501/1193 120/354/120 121/353/121 1208/1516/1208
f 1208/1516/1208 121/353/121 122/352/122 1223/1531/1223
f 1223/1531/1223 122/352/122 123/351/123 1238/1546/1238
f 1238/1546/1238 123/351/123 124/350/124 1253/1561/1253
f 1253/1561/1253 124/350/124 125/349/125 1268/1576/1268
f 1268/1576/1268 125/349/125 126/348/126 1283/1591/1283
f 1283/1591/1283 126/348/126 127/347/127 1298/1606/1298
f 1298/1606/1298 127/347/127 128/345/128 1313/1621/1313
f 1313/1621/1313 128/345/128 3/346/3 69/633/69
f 1312/1620/1312 1313/1621/1313 69/633/69 70/632/70
f 1311/1619/1311 1312/1620/1312 70/632/70 71/631/71
f 1310/1618/1310 1311/1619/1311 71/631/71 72/630/72
f 1309/1617/1309 1310/1618/1310 72/630/72 73/629/73
f 1308/1616/1308 1309/1617/1309 73/629/73 74/628/74
f 1307/1615/1307 1308/1616/1308 74/628/74 75/627/75
f 1306/1614/1306 1307/1615/1307 75/627/75 76/626/76
f 1305/1613/1305 1306/1614/1306 76/626/76 77/625/77
f 1304/1612/1304 1305/1613/1305 77/625/77 78/624/78
f 1303/1611/1303 1304/1612/1304 78/624/78 79/623/79
f 1302/1610/1302 1303/1611/1303 79/623/79 80/622/80
f 1301/1609/1301 1302/1610/1302 80/622/80 81/621/81
f 1300/1607/1300 1301/1609/1301 81/621/81 82/620/82
f 1299/1608/1299 1300/1607/1300 82/620/82 83/618/83
f 174/1332/174 1299/1608/1299 83/618/83 4/617/4
f 175/1331/175 1284/1593/1284 1299/1608/1299 174/1332/174
f 176/1330/176 1269/1578/1269 1284/1593/1284 175/1331/175
f 177/1329/177 1254/1563/1254 1269/1578/1269 176/1330/176
f 178/1328/178 1239/1548/1239 1254/1563/1254 177/1329/177
f 179/1327/179 1224/1533/1224 1239/1548/1239 178/1328/178
f 180/1326/180 1209/1518/1209 1224/1533/1224 179/1327/179
f 181/1325/181 1194/1503/1194 1209/1518/1209 180/1326/180
f 182/1324/182 1179/1475/1179 1194/1503/1194 181/1325/181
f 1672/1323/1672 1718/1472/1718 1179/1475/1179 182/1324/182
f 184/1321/184 1149/1430/1149 1164/1458/1164 183/1322/183
f 1542/1320/1542 1588/1427/1588 1149/1430/1149 184/1321/184
f 186/1318/186 1119/1398/1119 1134/1413/1134 185/1319/185
f 187/1317/187 1104/1370/1104 1119/1398/1119 186/1318/186
f 188/1316/188 1089/1367/1089 1104/1370/1104 187/1317/187
f 1314/1637/1314 1315/1638/1315 1330/1639/1330 1329/1640/1329
f 1315/1638/1315 1316/1641/1316 1331/1642/1331 1330/1639/1330
f 1316/1641/1316 1317/1643/1317 1332/1644/1332 1331/1642/1331
f 1317/1643/1317 1318/1645/1318 1333/1646/1333 1332/1644/1332
f 1318/1645/1318 1319/1647/1319 1334/1648/1334 1333/1646/1333
f 1319/1647/1319 1320/1649/1320 1335/1650/1335 1334/1648/1334
f 1320/1649/1320 1321/1651/1321 1336/1652/1336 1335/1650/1335
f 1321/1651/1321 1322/1653/1322 1337/1654/1337 1336/1652/1336
f 1322/1653/1322 1323/1655/1323 1338/1656/1338 1337/1654/1337
f 1323/1655/1323 1324/1657/1324 1339/1658/1339 1338/1656/1338
f 1324/1657/1324 1325/1659/1325 1340/1660/1340 1339/1658/1339
f 1325/1659/1325 1326/1661/1326 1341/1662/1341 1340/1660/1340
f 1326/1661/1326 1327/1663/1327 1342/1664/1342 1341/1662/1341
f 1327/1663/1327 1328/1665/1328 1343/1666/1343 1342/1664/1342
f 1329/1640/1329 1330/1639/1330 1345/1667/1345 1344/1668/1344
f 1330/1639/1330 1331/1642/1331 1346/1669/1346 1345/1667/1345
f 1331/1642/1331 1332/1644/1332 1347/1670/1347 1346/1669/1346
f 1332/1644/1332 1333/1646/1333 1348/1671/1348 1347/1670/1347
f 1333/1646/1333 1334/1648/1334 1349/1672/1349 1348/1671/1348
f 1334/1648/1334 1335/1650/1335 1350/1673/1350 1349/1672/1349
f 1335/1650/1335 1336/1652/1336 1351/1674/1351 1350/1673/1350
f 1336/1652/1336 1337/1654/1337 1352/1675/1352 1351/1674/1351
f 1337/1654/1337 1338/1656/1338 1353/1676/1353 1352/1675/1352
f 1338/1656/1338 1339/1658/1339 1354/1677/1354 1353/1676/1353
f 1339/1658/1339 1340/1660/1340 1355/1678/1355 1354/1677/1354
f 1340/1660/1340 1341/1662/1341 1356/1679/1356 1355/1678/1355
f 1341/1662/1341 1342/1664/1342 1357/1680/1357 1356/1679/1356
f 1342/1664/1342 1343/1666/1343 1358/1681/1358 1357/1680/1357
f 1344/1668/1344 1345/1667/1345 1360/1682/1360 1359/1683/1359
f 1345/1667/1345 1346/1669/1346 1361/1684/1361 1360/1682/1360
f 1346/1669/1346 1347/1670/1347 1362/1685/1362 1361/1684/1361
f 1347/1670/1347 1348/1671/1348 1363/1686/1363 1362/1685/1362
f 1348/1671/1348 1349/1672/1349 1364/1687/1364 1363/1686/1363
f 1349/1672/1349 1350/1673/1350 1365/1688/1365 1364/1687/1364
f 1350/1673/1350 1351/1674/1351 1366/1689/1366 1365/1688/1365
f 1351/1674/1351 1352/1675/1352 1367/1690/1367 1366/1689/1366
f 1352/1675/1352 1353/1676/1353 1368/1691/1368 1367/1690/1367
f 1353/1676/1353 1354/1677/1354 1369/1692/1369 1368/1691/1368
f 1354/1677/1354 1355/1678/1355 1370/1693/1370 1369/1692/1369
f 1355/1678/1355 1356/1679/1356 1371/1694/1371 1370/1693/1370
f 1356/1679/1356 1357/1680/1357 1372/1695/1372 1371/1694/1371
f 1357/1680/1357 1358/1681/1358 1373/1696/1373 1372/1695/1372
f 1359/1683/1359 1360/1682/1360 1375/1697/1375 1374/1698/1374
f 1360/1682/1360 1361/1684/1361 1376/1699/1376 1375/1697/1375
f 1361/1684/1361 1362/1685/1362 1377/1700/1377 1376/1699/1376
f 1362/1685/1362 1363/1686/1363 1378/1701/1378 1377/1700/1377
f 1363/1686/1363 1364/1687/1364 1379/1702/1379 1378/1701/1378
f 1364/1687/1364 1365/1688/1365 1380/1703/1380 1379/1702/1379
f 1365/1688/1365 1366/1689/1366 1381/1704/1381 1380/1703/1380
f 1366/1689/1366 1367/1690/1367 1382/1705/1382 1381/1704/1381
f 1367/1690/1367 1368/1691/1368 1383/1706/1383 1382/1705/1382
f 1368/1691/1368 1369/1692/1369 1384/1707/1384 1383/1706/1383
f 1369/1692/1369 1370/1693/1370 1385/1708/1385 1384/1707/1384
f 1370/1693/1370 1371/1694/1371 1386/1709/1386 1385/1708/1385
f 1371/1694/1371 1372/1695/1372 1387/1710/1387 1386/1709/1386
f 1372/1695/1372 1373/1696/1373 1388/1711/1388 1387/1710/1387
f 1374/1698/1374 1375/1697/1375 1390/1712/1390 1389/1713/1389
f 1375/1697/1375 1376/1699/1376 1391/1714/1391 1390/1712/1390
f 1376/1699/1376 1377/1700/1377 1392/1715/1392 1391/1714/1391
f 1377/1700/1377 1378/1701/1378 1393/1716/1393 1392/1715/1392
f 1378/1701/1378 1379/1702/1379 1394/1717/1394 1393/1716/1393
f 1379/1702/1379 1380/1703/1380 1395/1718/1395 1394/1717/1394
f 1380/1703/1380 1381/1704/1381 1396/1719/1396 1395/1718/1395
f 1381/1704/1381 1382/1705/1382 1397/1720/1397 1396/1719/1396
f 1382/1705/1382 1383/1706/1383 1398/1721/1398 1397/1720/1397
f 1383/1706/1383 1384/1707/1384 1399/1722/1399 1398/1721/1398
f 1384/1707/1384 1385/1708/1385 1400/1723/1400 1399/1722/1399
f 1385/1708/1385 1386/1709/1386 1401/1724/1401 1400/1723/1400
f 1386/1709/1386 1387/1710/1387 1402/1725/1402 1401/1724/1401
f 1387/1710/1387 1388/1711/1388 1403/1726/1403 1402/1725/1402
f 1389/1713/1389 1390/1712/1390 1405/1727/1405 1404/1728/1404
f 1390/1712/1390 1391/1714/1391 1406/1729/1406 1405/1727/1405
f 1391/1714/1391 1392/1715/1392 1407/1730/1407 1406/1729/1406
f 1392/1715/1392 1393/1716/1393 1408/1731/1408 1407/1730/1407
f 1393/1716/1393 1394/1717/1394 1409/1732/1409 1408/1731/1408
f 1394/1717/1394 1395/1718/1395 1410/1733/1410 1409/1732/1409
f 1395/1718/1395 1396/1719/1396 1411/1734/1411 1410/1733/1410
f 1396/1719/1396 1397/1720/1397 1412/1735/1412 1411/1734/1411
f 1397/1720/1397 1398/1721/1398 1413/1736/1413 1412/1735/1412
f 1398/1721/1398 1399/1722/1399 1414/1737/1414 1413/1736/1413
f 1399/1722/1399 1400/1723/1400 1415/1738/1415 1414/1737/1414
f 1400/1723/1400 1401/1724/1401 1416/1739/1416 1415/1738/1415
f 1401/1724/1401 1402/1725/1402 1417/1740/1417 1416/1739/1416
f 1402/1725/1402 1403/1726/1403 1418/1741/1418 1417/1740/1417
f 1404/1728/1404 1405/1727/1405 1420/1742/1420 1419/1743/1419
f 1405/1727/1405 1406/1729/1406 1421/1744/1421 1420/1742/1420
f 1406/1729/1406 1407/1730/1407 1422/1745/1422 1421/1744/1421
f 1407/1730/1407 1408/1731/1408 1423/1746/1423 1422/1745/1422
f 1408/1731/1408 1409/1732/1409 1424/1747/1424 1423/1746/1423
f 1409/1732/1409 1410/1733/1410 1425/1748/1425 1424/1747/1424
f 1410/1733/1410 1411/1734/1411 1426/1749/1426 1425/1748/1425
f 1411/1734/1411 1412/1735/1412 1427/1750/1427 1426/1749/1426
f 1412/1735/1412 1413/1736/1413 1428/1751/1428 1427/1750/1427
f 1413/1736/1413 1414/1737/1414 1429/1752/1429 1428/1751/1428
f 1414/1737/1414 1415/1738/1415 1430/1753/1430 1429/1752/1429
f 1415/1738/1415 1416/1739/1416 1431/1754/1431 1430/1753/1430
f 1416/1739/1416 1417/1740/1417 1432/1755/1432 1431/1754/1431
f 1417/1740/1417 1418/1741/1418 1433/1756/1433 1432/1755/1432
f 1419/1743/1419 1420/1742/1420 1435/1757/1435 1434/1758/1434
f 1420/1742/1420 1421/1744/1421 1436/1759/1436 1435/1757/1435
f 1421/1744/1421 1422/1745/1422 1437/1760/1437 1436/1759/1436
f 1422/1745/1422 1423/1746/1423 1438/1761/1438 1437/1760/1437
f 1423/1746/1423 1424/1747/1424 1439/1762/1439 1438/1761/1438
f 1424/1747/1424 1425/1748/1425 1440/1763/1440 1439/1762/1439
f 1425/1748/1425 1426/1749/1426 1441/1764/1441 1440/1763/1440
f 1426/1749/1426 1427/1750/1427 1442/1765/1442 1441/1764/1441
f 1427/1750/1427 1428/1751/1428 1443/1766/1443 1442/1765/1442
f 1428/1751/1428 1429/1752/1429 1444/1767/1444 1443/1766/1443
f 1429/1752/1429 1430/1753/1430 1445/1768/1445 1444/1767/1444
f 1430/1753/1430 1431/1754/1431 1446/1769/1446 1445/1768/1445
f 1431/1754/1431 1432/1755/1432 1447/1770/1447 1446/1769/1446
f 1432/1755/1432 1433/1756/1433 1448/1771/1448 1447/1770/1447
f 1784/1772/1784 1785/1773/1785 1450/1774/1450 1449/1775/1449
f 1785/1773/1785 1786/1776/1786 1451/1777/1451 1450/1774/1450
f 1786/1776/1786 1787/1778/1787 1452/1779/1452 1451/1777/1451
f 1787/1778/1787 1788/1780/1788 1453/1781/1453 1452/1779/1452
f 1788/1780/1788 1789/1782/1789 1454/1783/1454 1453/1781/1453
f 1789/1782/1789 1790/1784/1790 1455/1785/1455 1454/1783/1454
f 1790/1784/1790 1791/1786/1791 1456/1787/1456 1455/1785/1455
f 1791/1786/1791 1792/1788/1792 1457/1789/1457 1456/1787/1456
f 1792/1788/1792 1793/1790/1793 1458/1791/1458 1457/1789/1457
f 1793/1790/1793 1794/1792/1794 1459/1793/1459 1458/1791/1458
f 1794/1792/1794 1795/1794/1795 1460/1795/1460 1459/1793/1459
f 1795/1794/1795 1796/1796/1796 1461/1797/1461 1460/1795/1460
f 1796/1796/1796 1797/1798/1797 1462/1799/1462 1461/1797/1461
f 1797/1798/1797 1798/1800/1798 1463/1801/1463 1462/1799/1462
f 1449/1775/1449 1450/1774/1450 1465/1802/1465 1464/1803/1464
f 1450/1774/1450 1451/1777/1451 1466/1804/1466 1465/1802/1465
f 1451/1777/1451 1452/1779/1452 1467/1805/1467 1466/1804/1466
f 1452/1779/1452 1453/1781/1453 1468/1806/1468 1467/1805/1467
f 1453/1781/1453 1454/1783/1454 1469/1807/1469 1468/1806/1468
f 1454/1783/1454 1455/1785/1455 1470/1808/1470 1469/1807/1469
f 1455/1785/1455 1456/1787/1456 1471/1809/1471 1470/1808/1470
f 1456/1787/1456 1457/1789/1457 1472/1810/1472 1471/1809/1471
f 1457/1789/1457 1458/1791/1458 1473/1811/1473 1472/1810/1472
f 1458/1791/1458 1459/1793/1459 1474/1812/1474 1473/1811/1473
f 1459/1793/1459 1460/1795/1460 1475/1813/1475 1474/1812/1474
f 1460/1795/1460 1461/1797/1461 1476/1814/1476 1475/1813/1475
f 1461/1797/1461 1462/1799/1462 1477/1815/1477 1476/1814/1476
f 1462/1799/1462 1463/1801/1463 1478/1816/1478 1477/1815/1477
f 1464/1803/1464 1465/1802/1465 1480/1817/1480 1479/1818/1479
f 1465/1802/1465 1466/1804/1466 1481/1819/1481 1480/1817/1480
f 1466/1804/1466 1467/1805/1467 1482/1820/1482 1481/1819/1481
f 1467/1805/1467 1468/1806/1468 1483/1821/1483 1482/1820/1482
f 1468/1806/1468 1469/1807/1469 1484/1822/1484 1483/1821/1483
f 1469/1807/1469 1470/1808/1470 1485/1823/1485 1484/1822/1484
f 1470/1808/1470 1471/1809/1471 1486/1824/1486 1485/1823/1485
f 1471/1809/1471 1472/1810/1472 1487/1825/1487 1486/1824/1486
f 1472/1810/1472 1473/1811/1473 1488/1826/1488 1487/1825/1487
f 1473/1811/1473 1474/1812/1474 1489/1827/1489 1488/1826/1488
f 1474/1812/1474 1475/1813/1475 1490/1828/1490 1489/1827/1489
f 1475/1813/1475 1476/1814/1476 1491/1829/1491 1490/1828/1490
f 1476/1814/1476 1477/1815/1477 1492/1830/1492 1491/1829/1491
f 1477/1815/1477 1478/1816/1478 1493/1831/1493 1492/1830/1492
f 1652/1832/1652 1653/1833/1653 1495/1834/1495 1494/1835/1494
f 1653/1833/1653 1654/1836/1654 1496/1837/1496 1495/1834/1495
f 1654/1836/1654 1655/1838/1655 1497/1839/1497 1496/1837/1496
f 1655/1838/1655 1656/1840/1656 1498/1841/1498 1497/1839/1497
f 1656/1840/1656 1657/1842/1657 1499/1843/1499 1498/1841/1498
f 1657/1842/1657 1658/1844/1658 1500/1845/1500 1499/1843/1499
f 1658/1844/1658 1659/1846/1659 1501/1847/1501 1500/1845/1500
f 1659/1846/1659 1660/1848/1660 1502/1849/1502 1501/1847/1501
f 1660/1848/1660 1661/1850/1661 1503/1851/1503 1502/1849/1502
f 1661/1850/1661 1662/1852/1662 1504/1853/1504 1503/1851/1503
f 1662/1852/1662 1663/1854/1663 1505/1855/1505 1504/1853/1504
f 1663/1854/1663 1664/1856/1664 1506/1857/1506 1505/1855/1505
f 1664/1856/1664 1665/1858/1665 1507/1859/1507 1506/1857/1506
f 1665/1858/1665 1666/1860/1666 1508/1861/1508 1507/1859/1507
f 1494/1835/1494 1495/1834/1495 1510/1862/1510 1509/1863/1509
f 1495/1834/1495 1496/1837/1496 1511/1864/1511 1510/1862/1510
f 1496/1837/1496 1497/1839/1497 1512/1865/1512 1511/1864/1511
f 1497/1839/1497 1498/1841/1498 1513/1866/1513 1512/1865/1512
f 1498/1841/1498 1499/1843/1499 1514/1867/1514 1513/1866/1513
f 1499/1843/1499 1500/1845/1500 1515/1868/1515 1514/1867/1514
f 1500/1845/1500 1501/1847/1501 1516/1869/1516 1515/1868/1515
f 1501/1847/1501 1502/1849/1502 1517/1870/1517 1516/1869/1516
f 1502/1849/1502 1503/1851/1503 1518/1871/1518 1517/1870/1517
f 1503/1851/1503 1504/1853/1504 1519/1872/1519 1518/1871/1518
f 1504/1853/1504 1505/1855/1505 1520/1873/1520 1519/1872/1519
f 1505/1855/1505 1506/1857/1506 1521/1874/1521 1520/1873/1520
f 1506/1857/1506 1507/1859/1507 1522/1875/1522 1521/1874/1521
f 1507/1859/1507 1508/1861/1508 1523/1876/1523 1522/1875/1522
f 1509/1863/1509 1510/1862/1510 1525/1877/1525 1524/1878/1524
f 1510/1862/1510 1511/1864/1511 1526/1879/1526 1525/1877/1525
f 1511/1864/1511 1512/1865/1512 1527/1880/1527 1526/1879/1526
f 1512/1865/1512 1513/1866/1513 1528/1881/1528 1527/1880/1527
f 1513/1866/1513 1514/1867/1514 1529/1882/1529 1528/1881/1528
f 1514/1867/1514 1515/1868/1515 1530/1883/1530 1529/1882/1529
f 1515/1868/1515 1516/1869/1516 1531/1884/1531 1530/1883/1530
f 1516/1869/1516 1517/1870/1517 1532/1885/1532 1531/1884/1531
f 1517/1870/1517 1518/1871/1518 1533/1886/1533 1532/1885/1532
f 1518/1871/1518 1519/1872/1519 1534/1887/1534 1533/1886/1533
f 1519/1872/1519 1520/1873/1520 1535/1888/1535 1534/1887/1534
f 1520/1873/1520 1521/1874/1521 1536/1889/1536 1535/1888/1535
f 1521/1874/1521 1522/1875/1522 1537/1890/1537 1536/1889/1536
f 1522/1875/1522 1523/1876/1523 1538/1891/1538 1537/1890/1537
f 6/991/6 98/989/98 1314/1637/1314 38/1892/38
f 98/989/98 97/988/97 1315/1638/1315 1314/1637/1314
f 97/988/97 96/987/96 1316/1641/1316 1315/1638/1315
f 96/987/96 95/986/95 1317/1643/1317 1316/1641/1316
f 95/986/95 94/985/94 1318/1645/1318 1317/1643/1317
f 94/985/94 93/984/93 1319/1647/1319 1318/1645/1318
f 93/984/93 92/983/92 1320/1649/1320 1319/1647/1319
f 92/983/92 91/982/91 1321/1651/1321 1320/1649/1320
f 91/982/91 90/981/90 1322/1653/1322 1321/1651/1321
f 90/981/90 89/980/89 1323/1655/1323 1322/1653/1322
f 89/980/89 88/979/88 1324/1657/1324 1323/1655/1323
f 88/979/88 87/978/87 1325/1659/1325 1324/1657/1324
f 87/978/87 86/977/86 1326/1661/1326 1325/1659/1325
f 86/977/86 85/976/85 1327/1663/1327 1326/1661/1326
f 85/976/85 84/975/84 1328/1665/1328 1327/1663/1327
f 84/975/84 5/974/5 159/1893/159 1328/1665/1328
f 1328/1665/1328 159/1893/159 160/1894/160 1343/1666/1343
f 1343/1666/1343 160/1894/160 161/1895/161 1358/1681/1358
f 1358/1681/1358 161/1895/161 162/1896/162 1373/1696/1373
f 1373/1696/1373 162/1896/162 163/1897/163 1388/1711/1388
f 1388/1711/1388 163/1897/163 164/1898/164 1403/1726/1403
f 1403/1726/1403 164/1898/164 165/1899/165 1418/1741/1418
f 1418/1741/1418 165/1899/165 166/1900/166 1433/1756/1433
f 1433/1756/1433 166/1900/166 167/1901/167 1448/1771/1448
f 1798/1800/1798 1738/1902/1738 168/1903/168 1463/1801/1463
f 1463/1801/1463 168/1903/168 169/1904/169 1478/1816/1478
f 1478/1816/1478 169/1904/169 170/1905/170 1493/1831/1493
f 1666/1860/1666 1606/1906/1606 171/1907/171 1508/1861/1508
f 1508/1861/1508 171/1907/171 172/1908/172 1523/1876/1523
f 1523/1876/1523 172/1908/172 173/1909/173 1538/1891/1538
f 1538/1891/1538 173/1909/173 1/290/1 39/1636/39
f 1537/1890/1537 1538/1891/1538 39/1636/39 40/1635/40
f 1536/1889/1536 1537/1890/1537 40/1635/40 41/1634/41
f 1535/1888/1535 1536/1889/1536 41/1634/41 42/1633/42
f 1534/1887/1534 1535/1888/1535 42/1633/42 43/1632/43
f 1533/1886/1533 1534/1887/1534 43/1632/43 44/1631/44
f 1532/1885/1532 1533/1886/1533 44/1631/44 45/1630/45
f 1531/1884/1531 1532/1885/1532 45/1630/45 46/1629/46
f 1530/1883/1530 1531/1884/1531 46/1629/46 47/1628/47
f 1529/1882/1529 1530/1883/1530 47/1628/47 48/1627/48
f 1528/1881/1528 1529/1882/1529 48/1627/48 49/1626/49
f 1527/1880/1527 1528/1881/1528 49/1626/49 50/1625/50
f 1526/1879/1526 1527/1880/1527 50/1625/50 51/1624/51
f 1525/1877/1525 1526/1879/1526 51/1624/51 52/1623/52
f 1524/1878/1524 1525/1877/1525 52/1623/52 53/1622/53
f 24/1910/24 1524/1878/1524 53/1622/53 2/1315/2
f 25/1911/25 1509/1863/1509 1524/1878/1524 24/1910/24
f 26/1912/26 1494/1835/1494 1509/1863/1509 25/1911/25
f 1603/1913/1603 1652/1832/1652 1494/1835/1494 26/1912/26
f 28/1914/28 1464/1803/1464 1479/1818/1479 27/1915/27
f 29/1916/29 1449/1775/1449 1464/1803/1464 28/1914/28
f 1735/1917/1735 1784/1772/1784 1449/1775/1449 29/1916/29
f 31/1918/31 1419/1743/1419 1434/1758/1434 30/1919/30
f 32/1920/32 1404/1728/1404 1419/1743/1419 31/1918/31
f 33/1921/33 1389/1713/1389 1404/1728/1404 32/1920/32
f 34/1922/34 1374/1698/1374 1389/1713/1389 33/1921/33
f 35/1923/35 1359/1683/1359 1374/1698/1374 34/1922/34
f 36/1924/36 1344/1668/1344 1359/1683/1359 35/1923/35
f 37/1925/37 1329/1640/1329 1344/1668/1344 36/1924/36
f 38/1892/38 1314/1637/1314 1329/1640/1329 37/1925/37
f 185/1319/185 1134/1413/1134 1588/1427/1588 1542/1320/1542
f 1148/1426/1148 117/360/117 1540/358/1540 1602/1455/1602
f 1147/1425/1147 1148/1426/1148 1602/1455/1602 1601/1453/1601
f 1146/1424/1146 1147/1425/1147 1601/1453/1601 1600/1451/1600
f 1145/1423/1145 1146/1424/1146 1600/1451/1600 1599/1449/1599
f 1144/1422/1144 1145/1423/1145 1599/1449/1599 1598/1447/1598
f 1143/1421/1143 1144/1422/1144 1598/1447/1598 1597/1445/1597
f 1142/1420/1142 1143/1421/1143 1597/1445/1597 1596/1443/1596
f 1141/1419/1141 1142/1420/1142 1596/1443/1596 1595/1441/1595
f 1140/1418/1140 1141/1419/1141 1595/1441/1595 1594/1439/1594
f 1139/1417/1139 1140/1418/1140 1594/1439/1594 1593/1437/1593
f 1138/1416/1138 1139/1417/1139 1593/1437/1593 1592/1435/1592
f 1137/1415/1137 1138/1416/1138 1592/1435/1592 1591/1433/1591
f 1136/1414/1136 1137/1415/1137 1591/1433/1591 1590/1431/1590
f 1135/1412/1135 1136/1414/1136 1590/1431/1590 1589/1428/1589
f 1134/1413/1134 1135/1412/1135 1589/1428/1589 1588/1427/1588
f 12/1365/12 909/1059/909 1573/1075/1573 1539/1363/1539
f 923/1074/923 185/1319/185 1542/1320/1542 1587/1107/1587
f 922/1073/922 923/1074/923 1587/1107/1587 1586/1105/1586
f 921/1071/921 922/1073/922 1586/1105/1586 1585/1102/1585
f 1640/1072/1640 921/1071/921 1585/1102/1585 1667/1101/1667
f 919/1069/919 920/1070/920 1584/1099/1584 1583/1097/1583
f 918/1067/918 919/1069/919 1583/1097/1583 1582/1094/1582
f 1772/1068/1772 918/1067/918 1582/1094/1582 1799/1093/1799
f 916/1065/916 917/1066/917 1581/1091/1581 1580/1089/1580
f 915/1064/915 916/1065/916 1580/1089/1580 1579/1087/1579
f 914/1063/914 915/1064/915 1579/1087/1579 1578/1085/1578
f 913/1062/913 914/1063/914 1578/1085/1578 1577/1083/1577
f 912/1061/912 913/1062/913 1577/1083/1577 1576/1081/1576
f 911/1060/911 912/1061/912 1576/1081/1576 1575/1079/1575
f 910/1058/910 911/1060/911 1575/1079/1575 1574/1076/1574
f 909/1059/909 910/1058/910 1574/1076/1574 1573/1075/1573
f 13/997/13 789/850/789 1558/864/1558 1539/995/1539
f 803/863/803 154/968/154 1541/969/1541 1572/892/1572
f 802/862/802 803/863/803 1572/892/1572 1571/890/1571
f 801/861/801 802/862/802 1571/890/1571 1570/888/1570
f 800/860/800 801/861/801 1570/888/1570 1569/886/1569
f 799/859/799 800/860/800 1569/886/1569 1568/884/1568
f 798/858/798 799/859/799 1568/884/1568 1567/882/1567
f 797/857/797 798/858/798 1567/882/1567 1566/880/1566
f 796/856/796 797/857/797 1566/880/1566 1565/878/1565
f 795/855/795 796/856/796 1565/878/1565 1564/876/1564
f 794/854/794 795/855/795 1564/876/1564 1563/874/1563
f 793/853/793 794/854/794 1563/874/1563 1562/872/1562
f 792/852/792 793/853/793 1562/872/1562 1561/870/1561
f 791/851/791 792/852/792 1561/870/1561 1560/868/1560
f 790/849/790 791/851/791 1560/868/1560 1559/865/1559
f 789/850/789 790/849/790 1559/865/1559 1558/864/1558
f 117/360/117 234/53/234 1543/69/1543 1540/358/1540
f 248/68/248 155/313/155 1541/314/1541 1557/101/1557
f 247/67/247 248/68/248 1557/101/1557 1556/99/1556
f 246/66/246 247/67/247 1556/99/1556 1555/97/1555
f 245/65/245 246/66/246 1555/97/1555 1554/95/1554
f 244/64/244 245/65/245 1554/95/1554 1553/93/1553
f 243/63/243 244/64/244 1553/93/1553 1552/91/1552
f 242/62/242 243/63/243 1552/91/1552 1551/89/1551
f 241/61/241 242/62/242 1551/89/1551 1550/87/1550
f 240/59/240 241/61/241 1550/87/1550 1549/84/1549
f 1742/60/1742 240/59/240 1549/84/1549 1800/83/1800
f 238/57/238 239/58/239 1548/81/1548 1547/79/1547
f 237/55/237 238/57/238 1547/79/1547 1546/76/1546
f 1610/56/1610 237/55/237 1546/76/1546 1668/75/1668
f 235/52/235 236/54/236 1545/73/1545 1544/70/1544
f 234/53/234 235/52/235 1544/70/1544 1543/69/1543
f 236/54/236 1610/56/1610 1668/75/1668 1545/73/1545
f 920/1070/920 1640/1072/1640 1667/1101/1667 1584/1099/1584
f 27/1915/27 1479/1818/1479 1652/1832/1652 1603/1913/1603
f 1493/1831/1493 170/1905/170 1606/1906/1606 1666/1860/1666
f 1492/1830/1492 1493/1831/1493 1666/1860/1666 1665/1858/1665
f 1491/1829/1491 1492/1830/1492 1665/1858/1665 1664/1856/1664
f 1490/1828/1490 1491/1829/1491 1664/1856/1664 1663/1854/1663
f 1489/1827/1489 1490/1828/1490 1663/1854/1663 1662/1852/1662
f 1488/1826/1488 1489/1827/1489 1662/1852/1662 1661/1850/1661
f 1487/1825/1487 1488/1826/1488 1661/1850/1661 1660/1848/1660
f 1486/1824/1486 1487/1825/1487 1660/1848/1660 1659/1846/1659
f 1485/1823/1485 1486/1824/1486 1659/1846/1659 1658/1844/1658
f 1484/1822/1484 1485/1823/1485 1658/1844/1658 1657/1842/1657
f 1483/1821/1483 1484/1822/1484 1657/1842/1657 1656/1840/1656
f 1482/1820/1482 1483/1821/1483 1656/1840/1656 1655/1838/1655
f 1481/1819/1481 1482/1820/1482 1655/1838/1655 1654/1836/1654
f 1480/1817/1480 1481/1819/1481 1654/1836/1654 1653/1833/1653
f 1479/1818/1479 1480/1817/1480 1653/1833/1653 1652/1832/1652
f 1085/1291/1085 1651/1293/1651 1605/1336/1605 140/1337/140
f 27/1310/27 1603/1311/1603 1637/1033/1637 875/1031/875
f 1070/1274/1070 1650/1276/1650 1651/1293/1651 1085/1291/1085
f 1055/1257/1055 1649/1259/1649 1650/1276/1650 1070/1274/1070
f 1040/1240/1040 1648/1242/1648 1649/1259/1649 1055/1257/1055
f 1025/1223/1025 1647/1225/1647 1648/1242/1648 1040/1240/1040
f 1010/1206/1010 1646/1208/1646 1647/1225/1647 1025/1223/1025
f 995/1189/995 1645/1191/1645 1646/1208/1646 1010/1206/1010
f 980/1172/980 1644/1174/1644 1645/1191/1645 995/1189/995
f 965/1151/965 1643/1155/1643 1644/1174/1644 980/1172/980
f 1714/1150/1714 1733/1152/1733 1643/1155/1643 965/1151/965
f 935/1100/935 1641/1104/1641 1642/1123/1642 950/1121/950
f 1584/1099/1584 1667/1101/1667 1641/1104/1641 935/1100/935
f 905/1053/905 1639/1055/1639 1640/1072/1640 920/1070/920
f 890/1032/890 1638/1036/1638 1639/1055/1639 905/1053/905
f 875/1031/875 1637/1033/1637 1638/1036/1638 890/1032/890
f 141/683/141 444/393/444 1622/407/1622 1605/681/1605
f 458/406/458 101/636/101 1604/637/1604 1636/435/1636
f 457/405/457 458/406/458 1636/435/1636 1635/433/1635
f 456/404/456 457/405/457 1635/433/1635 1634/431/1634
f 455/403/455 456/404/456 1634/431/1634 1633/429/1633
f 454/402/454 455/403/455 1633/429/1633 1632/427/1632
f 453/401/453 454/402/454 1632/427/1632 1631/425/1631
f 452/400/452 453/401/453 1631/425/1631 1630/423/1630
f 451/399/451 452/400/452 1630/423/1630 1629/421/1629
f 450/398/450 451/399/451 1629/421/1629 1628/419/1628
f 449/397/449 450/398/450 1628/419/1628 1627/417/1627
f 448/396/448 449/397/449 1627/417/1627 1626/415/1626
f 447/395/447 448/396/448 1626/415/1626 1625/413/1625
f 446/394/446 447/395/447 1625/413/1625 1624/411/1624
f 445/392/445 446/394/446 1624/411/1624 1623/408/1623
f 444/393/444 445/392/445 1623/408/1623 1622/407/1622
f 401/275/401 1621/277/1621 1604/341/1604 101/342/101
f 171/294/171 1606/295/1606 1607/7/1607 191/5/191
f 386/258/386 1620/260/1620 1621/277/1621 401/275/401
f 371/241/371 1619/243/1619 1620/260/1620 386/258/386
f 356/224/356 1618/226/1618 1619/243/1619 371/241/371
f 341/207/341 1617/209/1617 1618/226/1618 356/224/356
f 326/190/326 1616/192/1616 1617/209/1617 341/207/341
f 311/173/311 1615/175/1615 1616/192/1616 326/190/326
f 296/156/296 1614/158/1614 1615/175/1615 311/173/311
f 281/125/281 1613/129/1613 1614/158/1614 296/156/296
f 1675/124/1675 1734/126/1734 1613/129/1613 281/125/281
f 251/74/251 1611/78/1611 1612/107/1612 266/105/266
f 1545/73/1545 1668/75/1668 1611/78/1611 251/74/251
f 221/37/221 1609/39/1609 1610/56/1610 236/54/236
f 206/6/206 1608/10/1608 1609/39/1609 221/37/221
f 191/5/191 1607/7/1607 1608/10/1608 206/6/206
f 266/105/266 1612/107/1612 1734/126/1734 1675/124/1675
f 950/1121/950 1642/1123/1642 1733/1152/1733 1714/1150/1714
f 183/1322/183 1164/1458/1164 1718/1472/1718 1672/1323/1672
f 1178/1471/1178 119/357/119 1670/355/1670 1732/1500/1732
f 1177/1470/1177 1178/1471/1178 1732/1500/1732 1731/1498/1731
f 1176/1469/1176 1177/1470/1177 1731/1498/1731 1730/1496/1730
f 1175/1468/1175 1176/1469/1176 1730/1496/1730 1729/1494/1729
f 1174/1467/1174 1175/1468/1175 1729/1494/1729 1728/1492/1728
f 1173/1466/1173 1174/1467/1174 1728/1492/1728 1727/1490/1727
f 1172/1465/1172 1173/1466/1173 1727/1490/1727 1726/1488/1726
f 1171/1464/1171 1172/1465/1172 1726/1488/1726 1725/1486/1725
f 1170/1463/1170 1171/1464/1171 1725/1486/1725 1724/1484/1724
f 1169/1462/1169 1170/1463/1170 1724/1484/1724 1723/1482/1723
f 1168/1461/1168 1169/1462/1169 1723/1482/1723 1722/1480/1722
f 1167/1460/1167 1168/1461/1168 1722/1480/1722 1721/1478/1721
f 1166/1459/1166 1167/1460/1167 1721/1478/1721 1720/1476/1720
f 1165/1457/1165 1166/1459/1166 1720/1476/1720 1719/1473/1719
f 1164/1458/1164 1165/1457/1165 1719/1473/1719 1718/1472/1718
f 14/1362/14 939/1110/939 1703/1126/1703 1669/1360/1669
f 953/1125/953 183/1322/183 1672/1323/1672 1717/1158/1717
f 952/1124/952 953/1125/953 1717/1158/1717 1716/1156/1716
f 951/1122/951 952/1124/952 1716/1156/1716 1715/1153/1715
f 1642/1123/1642 951/1122/951 1715/1153/1715 1733/1152/1733
f 949/1120/949 950/1121/950 1714/1150/1714 1713/1148/1713
f 948/1118/948 949/1120/949 1713/1148/1713 1712/1145/1712
f 1774/1119/1774 948/1118/948 1712/1145/1712 1801/1144/1801
f 946/1116/946 947/1117/947 1711/1142/1711 1710/1140/1710
f 945/1115/945 946/1116/946 1710/1140/1710 1709/1138/1709
f 944/1114/944 945/1115/945 1709/1138/1709 1708/1136/1708
f 943/1113/943 944/1114/944 1708/1136/1708 1707/1134/1707
f 942/1112/942 943/1113/943 1707/1134/1707 1706/1132/1706
f 941/1111/941 942/1112/942 1706/1132/1706 1705/1130/1705
f 940/1109/940 941/1111/941 1705/1130/1705 1704/1127/1704
f 939/1110/939 940/1109/940 1704/1127/1704 1703/1126/1703
f 15/1000/15 759/805/759 1688/819/1688 1669/998/1669
f 773/818/773 152/965/152 1671/966/1671 1702/847/1702
f 772/817/772 773/818/773 1702/847/1702 1701/845/1701
f 771/816/771 772/817/772 1701/845/1701 1700/843/1700
f 770/815/770 771/816/771 1700/843/1700 1699/841/1699
f 769/814/769 770/815/770 1699/841/1699 1698/839/1698
f 768/813/768 769/814/769 1698/839/1698 1697/837/1697
f 767/812/767 768/813/768 1697/837/1697 1696/835/1696
f 766/811/766 767/812/767 1696/835/1696 1695/833/1695
f 765/810/765 766/811/766 1695/833/1695 1694/831/1694
f 764/809/764 765/810/765 1694/831/1694 1693/829/1693
f 763/808/763 764/809/764 1693/829/1693 1692/827/1692
f 762/807/762 763/808/763 1692/827/1692 1691/825/1691
f 761/806/761 762/807/762 1691/825/1691 1690/823/1690
f 760/804/760 761/806/761 1690/823/1690 1689/820/1689
f 759/805/759 760/804/760 1689/820/1689 1688/819/1688
f 119/357/119 264/104/264 1673/120/1673 1670/355/1670
f 278/119/278 153/316/153 1671/317/1671 1687/152/1687
f 277/118/277 278/119/278 1687/152/1687 1686/150/1686
f 276/117/276 277/118/277 1686/150/1686 1685/148/1685
f 275/116/275 276/117/276 1685/148/1685 1684/146/1684
f 274/115/274 275/116/275 1684/146/1684 1683/144/1683
f 273/114/273 274/115/274 1683/144/1683 1682/142/1682
f 272/113/272 273/114/273 1682/142/1682 1681/140/1681
f 271/112/271 272/113/272 1681/140/1681 1680/138/1680
f 270/110/270 271/112/271 1680/138/1680 1679/135/1679
f 1744/111/1744 270/110/270 1679/135/1679 1802/134/1802
f 268/108/268 269/109/269 1678/132/1678 1677/130/1677
f 267/106/267 268/108/268 1677/130/1677 1676/127/1676
f 1612/107/1612 267/106/267 1676/127/1676 1734/126/1734
f 265/103/265 266/105/266 1675/124/1675 1674/121/1674
f 264/104/264 265/103/265 1674/121/1674 1673/120/1673
f 269/109/269 1744/111/1744 1802/134/1802 1678/132/1678
f 947/1117/947 1774/1119/1774 1801/1144/1801 1711/1142/1711
f 239/58/239 1742/60/1742 1800/83/1800 1548/81/1548
f 917/1066/917 1772/1068/1772 1799/1093/1799 1581/1091/1581
f 30/1919/30 1434/1758/1434 1784/1772/1784 1735/1917/1735
f 1448/1771/1448 167/1901/167 1738/1902/1738 1798/1800/1798
f 1447/1770/1447 1448/1771/1448 1798/1800/1798 1797/1798/1797
f 1446/1769/1446 1447/1770/1447 1797/1798/1797 1796/1796/1796
f 1445/1768/1445 1446/1769/1446 1796/1796/1796 1795/1794/1795
f 1444/1767/1444 1445/1768/1445 1795/1794/1795 1794/1792/1794
f 1443/1766/1443 1444/1767/1444 1794/1792/1794 1793/1790/1793
f 1442/1765/1442 1443/1766/1443 1793/1790/1793 1792/1788/1792
f 1441/1764/1441 1442/1765/1442 1792/1788/1792 1791/1786/1791
f 1440/1763/1440 1441/1764/1441 1791/1786/1791 1790/1784/1790
f 1439/1762/1439 1440/1763/1440 1790/1784/1790 1789/1782/1789
f 1438/1761/1438 1439/1762/1439 1789/1782/1789 1788/1780/1788
f 1437/1760/1437 1438/1761/1438 1788/1780/1788 1787/1778/1787
f 1436/1759/1436 1437/1760/1437 1787/1778/1787 1786/1776/1786
f 1435/1757/1435 1436/1759/1436 1786/1776/1786 1785/1773/1785
f 1434/1758/1434 1435/1757/1435 1785/1773/1785 1784/1772/1784
f 1082/1287/1082 1783/1289/1783 1737/1340/1737 137/1341/137
f 30/1306/30 1735/1307/1735 1769/1025/1769 872/1023/872
f 1067/1270/1067 1782/1272/1782 1783/1289/1783 1082/1287/1082
f 1052/1253/1052 1781/1255/1781 1782/1272/1782 1067/1270/1067
f 1037/1236/1037 1780/1238/1780 1781/1255/1781 1052/1253/1052
f 1022/1219/1022 1779/1221/1779 1780/1238/1780 1037/1236/1037
f 1007/1202/1007 1778/1204/1778 1779/1221/1779 1022/1219/1022
f 992/1185/992 1777/1187/1777 1778/1204/1778 1007/1202/1007
f 977/1168/977 1776/1170/1776 1777/1187/1777 992/1185/992
f 962/1143/962 1775/1147/1775 1776/1170/1776 977/1168/977
f 1711/1142/1711 1801/1144/1801 1775/1147/1775 962/1143/962
f 932/1092/932 1773/1096/1773 1774/1119/1774 947/1117/947
f 1581/1091/1581 1799/1093/1799 1773/1096/1773 932/1092/932
f 902/1049/902 1771/1051/1771 1772/1068/1772 917/1066/917
f 887/1024/887 1770/1028/1770 1771/1051/1771 902/1049/902
f 872/1023/872 1769/1025/1769 1770/1028/1770 887/1024/887
f 138/679/138 489/453/489 1754/467/1754 1737/677/1737
f 503/466/503 104/640/104 1736/641/1736 1768/495/1768
f 502/465/502 503/466/503 1768/495/1768 1767/493/1767
f 501/464/501 502/465/502 1767/493/1767 1766/491/1766
f 500/463/500 501/464/501 1766/491/1766 1765/489/1765
f 499/462/499 500/463/500 1765/489/1765 1764/487/1764
f 498/461/498 499/462/499 1764/487/1764 1763/485/1763
f 497/460/497 498/461/498 1763/485/1763 1762/483/1762
f 496/459/496 497/460/497 1762/483/1762 1761/481/1761
f 495/458/495 496/459/496 1761/481/1761 1760/479/1760
f 494/457/494 495/458/495 1760/479/1760 1759/477/1759
f 493/456/493 494/457/494 1759/477/1759 1758/475/1758
f 492/455/492 493/456/493 1758/475/1758 1757/473/1757
f 491/454/491 492/455/492 1757/473/1757 1756/471/1756
f 490/452/490 491/454/491 1756/471/1756 1755/468/1755
f 489/453/489 490/452/490 1755/468/1755 1754/467/1754
f 404/279/404 1753/281/1753 1736/337/1736 104/338/104
f 168/298/168 1738/299/1738 1739/15/1739 194/13/194
f 389/262/389 1752/264/1752 1753/281/1753 404/279/404
f 374/245/374 1751/247/1751 1752/264/1752 389/262/389
f 359/228/359 1750/230/1750 1751/247/1751 374/245/374
f 344/211/344 1749/213/1749 1750/230/1750 359/228/359
f 329/194/329 1748/196/1748 1749/213/1749 344/211/344
f 314/177/314 1747/179/1747 1748/196/1748 329/194/329
f 299/160/299 1746/162/1746 1747/179/1747 314/177/314
f 284/133/284 1745/137/1745 1746/162/1746 299/160/299
f 1678/132/1678 1802/134/1802 1745/137/1745 284/133/284
f 254/82/254 1743/86/1743 1744/111/1744 269/109/269
f 1548/81/1548 1800/83/1800 1743/86/1743 254/82/254
f 224/41/224 1741/43/1741 1742/60/1742 239/58/239
f 209/14/209 1740/18/1740 1741/43/1741 224/41/224
f 194/13/194 1739/15/1739 1740/18/1740 209/14/209
